City/Municipality,Month,Year,Alive,Death
ALFONSO,January,2014,1,1
ALFONSO,February,2014,1,0
ALFONSO,March,2014,2,0
ALFONSO,April,2014,1,0
ALFONSO,May,2014,1,0
ALFONSO,June,2014,1,0
ALFONSO,July,2014,7,0
ALFONSO,August,2014,8,0
ALFONSO,September,2014,6,0
ALFONSO,October,2014,3,0
ALFONSO,November,2014,3,0
ALFONSO,December,2014,2,0
ALFONSO,January,2015,6,
ALFONSO,February,2015,5,
ALFONSO,March,2015,5,
ALFONSO,April,2015,5,
ALFONSO,May,2015,1,
ALFONSO,June,2015,10,0
ALFONSO,July,2015,17,0
ALFONSO,August,2015,22,0
ALFONSO,September,2015,27,0
ALFONSO,October,2015,18,0
ALFONSO,November,2015,13,0
ALFONSO,December,2015,5,0
ALFONSO,January,2016,6,
ALFONSO,February,2016,6,
ALFONSO,March,2016,3,
ALFONSO,April,2016,5,
ALFONSO,May,2016,5,
ALFONSO,June,2016,11,2
ALFONSO,July,2016,17,0
ALFONSO,August,2016,10,
ALFONSO,September,2016,10,
ALFONSO,October,2016,4,
ALFONSO,November,2016,2,
ALFONSO,December,2016,2,0
ALFONSO,January,2017,4,
ALFONSO,February,2017,0,
ALFONSO,March,2017,1,
ALFONSO,April,2017,2,
ALFONSO,May,2017,0,
ALFONSO,June,2017,1,
ALFONSO,July,2017,8,
ALFONSO,August,2017,9,
ALFONSO,September,2017,12,
ALFONSO,October,2017,4,
ALFONSO,November,2017,5,
ALFONSO,December,2017,4,
ALFONSO,January,2018,6,1
ALFONSO,February,2018,5,
ALFONSO,March,2018,1,
ALFONSO,April,2018,1,
ALFONSO,May,2018,1,
ALFONSO,June,2018,3,
ALFONSO,July,2018,7,
ALFONSO,August,2018,9,
ALFONSO,September,2018,4,
ALFONSO,October,2018,5,
ALFONSO,November,2018,3,
ALFONSO,December,2018,4,
ALFONSO,January,2019,8,
ALFONSO,February,2019,3,
ALFONSO,March,2019,1,
ALFONSO,April,2019,5,
ALFONSO,May,2019,10,
ALFONSO,June,2019,42,
ALFONSO,July,2019,89,
ALFONSO,August,2019,62,
ALFONSO,September,2019,37,
ALFONSO,October,2019,14,1
ALFONSO,November,2019,7,
ALFONSO,December,2019,1,
ALFONSO,January,2020,4,
ALFONSO,February,2020,1,
ALFONSO,March,2020,0,
ALFONSO,April,2020,0,
ALFONSO,May,2020,0,
ALFONSO,June,2020,2,
ALFONSO,July,2020,2,
ALFONSO,August,2020,1,
ALFONSO,September,2020,1,
ALFONSO,October,2020,0,
ALFONSO,November,2020,1,
ALFONSO,December,2020,0,
ALFONSO,January,2021,1,
ALFONSO,February,2021,0,
ALFONSO,March,2021,1,
ALFONSO,April,2021,4,
ALFONSO,May,2021,1,
ALFONSO,June,2021,1,
ALFONSO,July,2021,2,
ALFONSO,August,2021,3,
ALFONSO,September,2021,0,
ALFONSO,October,2021,1,
ALFONSO,November,2021,4,
ALFONSO,December,2021,3,
ALFONSO,January,2022,0,
ALFONSO,February,2022,2,
ALFONSO,March,2022,7,
ALFONSO,April,2022,5,
ALFONSO,May,2022,16,
ALFONSO,June,2022,39,
ALFONSO,July,2022,75,
ALFONSO,August,2022,34,
ALFONSO,September,2022,21,
ALFONSO,October,2022,21,
ALFONSO,November,2022,3,
ALFONSO,December,2022,2,
ALFONSO,January,2023,5,
ALFONSO,February,2023,1,
ALFONSO,March,2023,3,
ALFONSO,April,2023,8,
ALFONSO,May,2023,7,
ALFONSO,June,2023,13,
ALFONSO,July,2023,5,
ALFONSO,August,2023,6,
ALFONSO,September,2023,11,
ALFONSO,October,2023,9,
ALFONSO,November,2023,6,
ALFONSO,December,2023,4,
ALFONSO,January,2024,9,
ALFONSO,February,2024,6,
ALFONSO,March,2024,6,
ALFONSO,April,2024,9,
ALFONSO,May,2024,21,
ALFONSO,June,2024,37,
ALFONSO,July,2024,55,
ALFONSO,August,2024,52,
ALFONSO,September,2024,20,
ALFONSO,October,2024,12,
ALFONSO,November,2024,13,
ALFONSO,December,2024,9,
AMADEO,January,2014,3,0
AMADEO,February,2014,2,0
AMADEO,March,2014,0,0
AMADEO,April,2014,6,0
AMADEO,May,2014,0,0
AMADEO,June,2014,0,0
AMADEO,July,2014,0,0
AMADEO,August,2014,5,0
AMADEO,September,2014,3,0
AMADEO,October,2014,1,0
AMADEO,November,2014,4,0
AMADEO,December,2014,4,0
AMADEO,January,2015,2,
AMADEO,February,2015,3,
AMADEO,March,2015,3,
AMADEO,April,2015,3,
AMADEO,May,2015,2,
AMADEO,June,2015,8,0
AMADEO,July,2015,13,0
AMADEO,August,2015,47,0
AMADEO,September,2015,30,0
AMADEO,October,2015,46,0
AMADEO,November,2015,24,0
AMADEO,December,2015,10,0
AMADEO,January,2016,4,
AMADEO,February,2016,7,
AMADEO,March,2016,2,
AMADEO,April,2016,10,
AMADEO,May,2016,3,
AMADEO,June,2016,7,0
AMADEO,July,2016,27,0
AMADEO,August,2016,40,
AMADEO,September,2016,15,
AMADEO,October,2016,5,
AMADEO,November,2016,3,
AMADEO,December,2016,3,0
AMADEO,January,2017,3,
AMADEO,February,2017,1,
AMADEO,March,2017,3,
AMADEO,April,2017,1,
AMADEO,May,2017,2,
AMADEO,June,2017,9,
AMADEO,July,2017,42,
AMADEO,August,2017,35,
AMADEO,September,2017,16,
AMADEO,October,2017,20,
AMADEO,November,2017,8,
AMADEO,December,2017,10,
AMADEO,January,2018,9,
AMADEO,February,2018,3,
AMADEO,March,2018,3,
AMADEO,April,2018,0,
AMADEO,May,2018,3,
AMADEO,June,2018,4,
AMADEO,July,2018,8,
AMADEO,August,2018,6,
AMADEO,September,2018,0,
AMADEO,October,2018,4,
AMADEO,November,2018,8,
AMADEO,December,2018,3,
AMADEO,January,2019,4,
AMADEO,February,2019,2,
AMADEO,March,2019,1,
AMADEO,April,2019,0,
AMADEO,May,2019,2,
AMADEO,June,2019,4,
AMADEO,July,2019,48,
AMADEO,August,2019,68,
AMADEO,September,2019,44,
AMADEO,October,2019,26,
AMADEO,November,2019,7,
AMADEO,December,2019,7,
AMADEO,January,2020,3,
AMADEO,February,2020,1,
AMADEO,March,2020,2,
AMADEO,April,2020,0,
AMADEO,May,2020,0,
AMADEO,June,2020,0,
AMADEO,July,2020,0,
AMADEO,August,2020,1,
AMADEO,September,2020,0,
AMADEO,October,2020,0,
AMADEO,November,2020,1,
AMADEO,December,2020,2,
AMADEO,January,2021,3,
AMADEO,February,2021,2,
AMADEO,March,2021,2,
AMADEO,April,2021,1,
AMADEO,May,2021,5,
AMADEO,June,2021,3,
AMADEO,July,2021,5,
AMADEO,August,2021,4,
AMADEO,September,2021,1,
AMADEO,October,2021,1,
AMADEO,November,2021,0,
AMADEO,December,2021,4,
AMADEO,January,2022,0,
AMADEO,February,2022,3,
AMADEO,March,2022,1,
AMADEO,April,2022,0,
AMADEO,May,2022,0,
AMADEO,June,2022,2,
AMADEO,July,2022,12,
AMADEO,August,2022,28,
AMADEO,September,2022,25,
AMADEO,October,2022,25,
AMADEO,November,2022,1,
AMADEO,December,2022,3,
AMADEO,January,2023,0,
AMADEO,February,2023,0,
AMADEO,March,2023,2,
AMADEO,April,2023,4,
AMADEO,May,2023,3,
AMADEO,June,2023,4,
AMADEO,July,2023,1,
AMADEO,August,2023,2,
AMADEO,September,2023,3,
AMADEO,October,2023,10,
AMADEO,November,2023,2,
AMADEO,December,2023,1,
AMADEO,January,2024,2,
AMADEO,February,2024,1,
AMADEO,March,2024,3,
AMADEO,April,2024,1,
AMADEO,May,2024,3,
AMADEO,June,2024,1,
AMADEO,July,2024,8,
AMADEO,August,2024,14,
AMADEO,September,2024,13,
AMADEO,October,2024,11,
AMADEO,November,2024,12,
AMADEO,December,2024,10,
BACOOR,January,2014,85,0
BACOOR,February,2014,42,0
BACOOR,March,2014,21,0
BACOOR,April,2014,9,0
BACOOR,May,2014,3,0
BACOOR,June,2014,6,0
BACOOR,July,2014,15,0
BACOOR,August,2014,25,1
BACOOR,September,2014,27,0
BACOOR,October,2014,61,0
BACOOR,November,2014,105,1
BACOOR,December,2014,61,0
BACOOR,January,2015,104,
BACOOR,February,2015,72,
BACOOR,March,2015,72,
BACOOR,April,2015,72,
BACOOR,May,2015,16,
BACOOR,June,2015,11,0
BACOOR,July,2015,22,0
BACOOR,August,2015,58,0
BACOOR,September,2015,239,1
BACOOR,October,2015,477,1
BACOOR,November,2015,311,0
BACOOR,December,2015,108,1
BACOOR,January,2016,99,
BACOOR,February,2016,71,
BACOOR,March,2016,30,
BACOOR,April,2016,19,
BACOOR,May,2016,14,
BACOOR,June,2016,9,0
BACOOR,July,2016,25,0
BACOOR,August,2016,53,
BACOOR,September,2016,54,2
BACOOR,October,2016,54,
BACOOR,November,2016,60,0
BACOOR,December,2016,59,
BACOOR,January,2017,45,
BACOOR,February,2017,29,
BACOOR,March,2017,23,
BACOOR,April,2017,14,
BACOOR,May,2017,9,
BACOOR,June,2017,17,
BACOOR,July,2017,56,
BACOOR,August,2017,89,1
BACOOR,September,2017,99,1
BACOOR,October,2017,82,4
BACOOR,November,2017,103,
BACOOR,December,2017,79,
BACOOR,January,2018,160,
BACOOR,February,2018,88,
BACOOR,March,2018,35,
BACOOR,April,2018,15,
BACOOR,May,2018,15,
BACOOR,June,2018,10,
BACOOR,July,2018,41,1
BACOOR,August,2018,103,
BACOOR,September,2018,150,
BACOOR,October,2018,244,5
BACOOR,November,2018,230,3
BACOOR,December,2018,154,
BACOOR,January,2019,167,
BACOOR,February,2019,100,
BACOOR,March,2019,53,1
BACOOR,April,2019,8,
BACOOR,May,2019,14,
BACOOR,June,2019,26,
BACOOR,July,2019,181,1
BACOOR,August,2019,392,
BACOOR,September,2019,397,
BACOOR,October,2019,334,1
BACOOR,November,2019,217,1
BACOOR,December,2019,175,
BACOOR,January,2020,230,
BACOOR,February,2020,75,
BACOOR,March,2020,43,
BACOOR,April,2020,4,
BACOOR,May,2020,4,
BACOOR,June,2020,3,
BACOOR,July,2020,1,
BACOOR,August,2020,7,
BACOOR,September,2020,11,
BACOOR,October,2020,19,
BACOOR,November,2020,56,
BACOOR,December,2020,61,
BACOOR,January,2021,81,1
BACOOR,February,2021,67,
BACOOR,March,2021,40,
BACOOR,April,2021,14,
BACOOR,May,2021,5,
BACOOR,June,2021,12,
BACOOR,July,2021,12,
BACOOR,August,2021,9,1
BACOOR,September,2021,19,
BACOOR,October,2021,42,
BACOOR,November,2021,87,
BACOOR,December,2021,57,
BACOOR,January,2022,26,
BACOOR,February,2022,30,
BACOOR,March,2022,14,
BACOOR,April,2022,21,
BACOOR,May,2022,26,
BACOOR,June,2022,37,
BACOOR,July,2022,157,
BACOOR,August,2022,183,
BACOOR,September,2022,110,
BACOOR,October,2022,110,
BACOOR,November,2022,87,
BACOOR,December,2022,92,
BACOOR,January,2023,86,
BACOOR,February,2023,44,
BACOOR,March,2023,34,1
BACOOR,April,2023,24,
BACOOR,May,2023,26,1
BACOOR,June,2023,59,
BACOOR,July,2023,74,
BACOOR,August,2023,81,
BACOOR,September,2023,134,1
BACOOR,October,2023,209,
BACOOR,November,2023,200,
BACOOR,December,2023,124,1
BACOOR,January,2024,94,
BACOOR,February,2024,43,
BACOOR,March,2024,38,
BACOOR,April,2024,27,
BACOOR,May,2024,28,
BACOOR,June,2024,27,
BACOOR,July,2024,84,1
BACOOR,August,2024,179,2
BACOOR,September,2024,274,1
BACOOR,October,2024,505,2
BACOOR,November,2024,472,2
BACOOR,December,2024,388,2
CARMONA,January,2014,7,0
CARMONA,February,2014,4,0
CARMONA,March,2014,1,0
CARMONA,April,2014,3,0
CARMONA,May,2014,5,0
CARMONA,June,2014,1,0
CARMONA,July,2014,0,0
CARMONA,August,2014,6,0
CARMONA,September,2014,6,0
CARMONA,October,2014,5,0
CARMONA,November,2014,10,0
CARMONA,December,2014,1,0
CARMONA,January,2015,7,
CARMONA,February,2015,8,
CARMONA,March,2015,8,
CARMONA,April,2015,8,
CARMONA,May,2015,4,
CARMONA,June,2015,4,0
CARMONA,July,2015,3,0
CARMONA,August,2015,12,0
CARMONA,September,2015,32,0
CARMONA,October,2015,65,0
CARMONA,November,2015,27,0
CARMONA,December,2015,9,0
CARMONA,January,2016,20,
CARMONA,February,2016,18,
CARMONA,March,2016,7,
CARMONA,April,2016,1,
CARMONA,May,2016,1,
CARMONA,June,2016,2,0
CARMONA,July,2016,2,0
CARMONA,August,2016,11,
CARMONA,September,2016,17,
CARMONA,October,2016,5,
CARMONA,November,2016,5,
CARMONA,December,2016,5,0
CARMONA,January,2017,2,
CARMONA,February,2017,1,
CARMONA,March,2017,0,
CARMONA,April,2017,1,
CARMONA,May,2017,1,
CARMONA,June,2017,5,
CARMONA,July,2017,15,
CARMONA,August,2017,13,
CARMONA,September,2017,4,
CARMONA,October,2017,8,
CARMONA,November,2017,7,
CARMONA,December,2017,8,
CARMONA,January,2018,30,1
CARMONA,February,2018,16,
CARMONA,March,2018,4,
CARMONA,April,2018,5,
CARMONA,May,2018,0,
CARMONA,June,2018,2,
CARMONA,July,2018,7,
CARMONA,August,2018,13,
CARMONA,September,2018,54,1
CARMONA,October,2018,38,
CARMONA,November,2018,35,
CARMONA,December,2018,45,
CARMONA,January,2019,60,
CARMONA,February,2019,69,
CARMONA,March,2019,35,
CARMONA,April,2019,16,
CARMONA,May,2019,11,
CARMONA,June,2019,41,1
CARMONA,July,2019,151,2
CARMONA,August,2019,289,
CARMONA,September,2019,195,1
CARMONA,October,2019,142,
CARMONA,November,2019,65,
CARMONA,December,2019,27,
CARMONA,January,2020,60,
CARMONA,February,2020,19,
CARMONA,March,2020,2,
CARMONA,April,2020,0,
CARMONA,May,2020,0,
CARMONA,June,2020,0,
CARMONA,July,2020,0,
CARMONA,August,2020,0,
CARMONA,September,2020,1,
CARMONA,October,2020,1,
CARMONA,November,2020,1,
CARMONA,December,2020,4,
CARMONA,January,2021,13,
CARMONA,February,2021,41,
CARMONA,March,2021,20,
CARMONA,April,2021,0,
CARMONA,May,2021,4,
CARMONA,June,2021,10,
CARMONA,July,2021,5,
CARMONA,August,2021,7,
CARMONA,September,2021,4,
CARMONA,October,2021,30,
CARMONA,November,2021,35,
CARMONA,December,2021,15,
CARMONA,January,2022,4,
CARMONA,February,2022,7,
CARMONA,March,2022,6,
CARMONA,April,2022,13,
CARMONA,May,2022,9,
CARMONA,June,2022,22,
CARMONA,July,2022,39,
CARMONA,August,2022,64,
CARMONA,September,2022,57,
CARMONA,October,2022,57,
CARMONA,November,2022,28,
CARMONA,December,2022,13,
CARMONA,January,2023,21,
CARMONA,February,2023,8,
CARMONA,March,2023,4,
CARMONA,April,2023,5,
CARMONA,May,2023,8,
CARMONA,June,2023,21,
CARMONA,July,2023,16,
CARMONA,August,2023,9,
CARMONA,September,2023,9,
CARMONA,October,2023,14,
CARMONA,November,2023,14,
CARMONA,December,2023,5,
CARMONA,January,2024,8,
CARMONA,February,2024,5,
CARMONA,March,2024,2,
CARMONA,April,2024,1,
CARMONA,May,2024,2,
CARMONA,June,2024,1,
CARMONA,July,2024,10,
CARMONA,August,2024,40,
CARMONA,September,2024,74,
CARMONA,October,2024,116,
CARMONA,November,2024,108,
CARMONA,December,2024,81,
CAVITE CITY,January,2014,6,0
CAVITE CITY,February,2014,5,0
CAVITE CITY,March,2014,1,0
CAVITE CITY,April,2014,0,0
CAVITE CITY,May,2014,0,0
CAVITE CITY,June,2014,0,0
CAVITE CITY,July,2014,1,0
CAVITE CITY,August,2014,2,0
CAVITE CITY,September,2014,5,0
CAVITE CITY,October,2014,5,0
CAVITE CITY,November,2014,3,0
CAVITE CITY,December,2014,3,0
CAVITE CITY,January,2015,17,
CAVITE CITY,February,2015,16,
CAVITE CITY,March,2015,16,
CAVITE CITY,April,2015,16,
CAVITE CITY,May,2015,3,
CAVITE CITY,June,2015,7,0
CAVITE CITY,July,2015,7,0
CAVITE CITY,August,2015,12,0
CAVITE CITY,September,2015,25,0
CAVITE CITY,October,2015,71,0
CAVITE CITY,November,2015,43,0
CAVITE CITY,December,2015,25,0
CAVITE CITY,January,2016,26,
CAVITE CITY,February,2016,15,
CAVITE CITY,March,2016,4,
CAVITE CITY,April,2016,4,
CAVITE CITY,May,2016,0,
CAVITE CITY,June,2016,0,0
CAVITE CITY,July,2016,2,0
CAVITE CITY,August,2016,5,
CAVITE CITY,September,2016,12,
CAVITE CITY,October,2016,11,
CAVITE CITY,November,2016,13,
CAVITE CITY,December,2016,10,0
CAVITE CITY,January,2017,8,
CAVITE CITY,February,2017,13,
CAVITE CITY,March,2017,5,
CAVITE CITY,April,2017,5,
CAVITE CITY,May,2017,2,
CAVITE CITY,June,2017,3,
CAVITE CITY,July,2017,20,
CAVITE CITY,August,2017,27,
CAVITE CITY,September,2017,13,
CAVITE CITY,October,2017,11,
CAVITE CITY,November,2017,11,
CAVITE CITY,December,2017,6,
CAVITE CITY,January,2018,35,
CAVITE CITY,February,2018,22,
CAVITE CITY,March,2018,12,
CAVITE CITY,April,2018,5,
CAVITE CITY,May,2018,3,
CAVITE CITY,June,2018,1,
CAVITE CITY,July,2018,7,
CAVITE CITY,August,2018,8,
CAVITE CITY,September,2018,11,
CAVITE CITY,October,2018,17,
CAVITE CITY,November,2018,16,
CAVITE CITY,December,2018,14,
CAVITE CITY,January,2019,18,
CAVITE CITY,February,2019,21,
CAVITE CITY,March,2019,15,
CAVITE CITY,April,2019,4,
CAVITE CITY,May,2019,1,
CAVITE CITY,June,2019,8,
CAVITE CITY,July,2019,42,
CAVITE CITY,August,2019,69,
CAVITE CITY,September,2019,57,1
CAVITE CITY,October,2019,108,
CAVITE CITY,November,2019,40,
CAVITE CITY,December,2019,59,1
CAVITE CITY,January,2020,53,
CAVITE CITY,February,2020,38,
CAVITE CITY,March,2020,9,
CAVITE CITY,April,2020,0,
CAVITE CITY,May,2020,0,
CAVITE CITY,June,2020,1,
CAVITE CITY,July,2020,1,
CAVITE CITY,August,2020,0,
CAVITE CITY,September,2020,3,
CAVITE CITY,October,2020,3,
CAVITE CITY,November,2020,0,
CAVITE CITY,December,2020,2,
CAVITE CITY,January,2021,26,
CAVITE CITY,February,2021,14,
CAVITE CITY,March,2021,15,
CAVITE CITY,April,2021,8,
CAVITE CITY,May,2021,0,
CAVITE CITY,June,2021,2,
CAVITE CITY,July,2021,0,
CAVITE CITY,August,2021,0,
CAVITE CITY,September,2021,0,
CAVITE CITY,October,2021,14,
CAVITE CITY,November,2021,14,
CAVITE CITY,December,2021,2,
CAVITE CITY,January,2022,4,
CAVITE CITY,February,2022,6,
CAVITE CITY,March,2022,4,
CAVITE CITY,April,2022,4,
CAVITE CITY,May,2022,5,
CAVITE CITY,June,2022,0,
CAVITE CITY,July,2022,9,1
CAVITE CITY,August,2022,17,
CAVITE CITY,September,2022,38,
CAVITE CITY,October,2022,38,
CAVITE CITY,November,2022,11,
CAVITE CITY,December,2022,7,
CAVITE CITY,January,2023,7,
CAVITE CITY,February,2023,11,
CAVITE CITY,March,2023,11,
CAVITE CITY,April,2023,4,
CAVITE CITY,May,2023,10,
CAVITE CITY,June,2023,10,
CAVITE CITY,July,2023,2,
CAVITE CITY,August,2023,6,
CAVITE CITY,September,2023,3,
CAVITE CITY,October,2023,6,
CAVITE CITY,November,2023,7,
CAVITE CITY,December,2023,2,
CAVITE CITY,January,2024,3,
CAVITE CITY,February,2024,1,
CAVITE CITY,March,2024,3,
CAVITE CITY,April,2024,0,
CAVITE CITY,May,2024,1,
CAVITE CITY,June,2024,4,
CAVITE CITY,July,2024,6,
CAVITE CITY,August,2024,16,
CAVITE CITY,September,2024,26,
CAVITE CITY,October,2024,86,
CAVITE CITY,November,2024,107,1
CAVITE CITY,December,2024,134,1
DASMARINAS,January,2014,67,0
DASMARINAS,February,2014,24,0
DASMARINAS,March,2014,6,0
DASMARINAS,April,2014,10,0
DASMARINAS,May,2014,2,0
DASMARINAS,June,2014,4,0
DASMARINAS,July,2014,14,0
DASMARINAS,August,2014,29,0
DASMARINAS,September,2014,64,0
DASMARINAS,October,2014,98,1
DASMARINAS,November,2014,90,0
DASMARINAS,December,2014,45,0
DASMARINAS,January,2015,99,
DASMARINAS,February,2015,81,2
DASMARINAS,March,2015,81,2
DASMARINAS,April,2015,81,2
DASMARINAS,May,2015,12,
DASMARINAS,June,2015,39,1
DASMARINAS,July,2015,142,2
DASMARINAS,August,2015,305,6
DASMARINAS,September,2015,585,3
DASMARINAS,October,2015,787,4
DASMARINAS,November,2015,394,3
DASMARINAS,December,2015,96,0
DASMARINAS,January,2016,78,
DASMARINAS,February,2016,41,
DASMARINAS,March,2016,17,
DASMARINAS,April,2016,8,
DASMARINAS,May,2016,7,
DASMARINAS,June,2016,13,0
DASMARINAS,July,2016,42,0
DASMARINAS,August,2016,52,
DASMARINAS,September,2016,58,0
DASMARINAS,October,2016,78,1
DASMARINAS,November,2016,67,1
DASMARINAS,December,2016,65,0
DASMARINAS,January,2017,56,
DASMARINAS,February,2017,31,
DASMARINAS,March,2017,21,
DASMARINAS,April,2017,9,
DASMARINAS,May,2017,11,
DASMARINAS,June,2017,11,
DASMARINAS,July,2017,45,
DASMARINAS,August,2017,66,
DASMARINAS,September,2017,38,
DASMARINAS,October,2017,68,
DASMARINAS,November,2017,141,1
DASMARINAS,December,2017,151,
DASMARINAS,January,2018,92,1
DASMARINAS,February,2018,50,
DASMARINAS,March,2018,28,
DASMARINAS,April,2018,15,
DASMARINAS,May,2018,8,
DASMARINAS,June,2018,20,
DASMARINAS,July,2018,32,
DASMARINAS,August,2018,71,
DASMARINAS,September,2018,94,
DASMARINAS,October,2018,183,1
DASMARINAS,November,2018,232,1
DASMARINAS,December,2018,193,1
DASMARINAS,January,2019,165,3
DASMARINAS,February,2019,122,3
DASMARINAS,March,2019,76,1
DASMARINAS,April,2019,40,2
DASMARINAS,May,2019,60,2
DASMARINAS,June,2019,179,
DASMARINAS,July,2019,934,8
DASMARINAS,August,2019,1231,3
DASMARINAS,September,2019,1191,4
DASMARINAS,October,2019,498,2
DASMARINAS,November,2019,355,2
DASMARINAS,December,2019,163,1
DASMARINAS,January,2020,138,
DASMARINAS,February,2020,70,1
DASMARINAS,March,2020,22,
DASMARINAS,April,2020,1,
DASMARINAS,May,2020,2,
DASMARINAS,June,2020,5,
DASMARINAS,July,2020,5,
DASMARINAS,August,2020,4,
DASMARINAS,September,2020,4,
DASMARINAS,October,2020,22,
DASMARINAS,November,2020,47,
DASMARINAS,December,2020,35,
DASMARINAS,January,2021,92,1
DASMARINAS,February,2021,51,1
DASMARINAS,March,2021,28,
DASMARINAS,April,2021,6,
DASMARINAS,May,2021,11,
DASMARINAS,June,2021,13,
DASMARINAS,July,2021,35,
DASMARINAS,August,2021,14,
DASMARINAS,September,2021,16,1
DASMARINAS,October,2021,36,
DASMARINAS,November,2021,82,1
DASMARINAS,December,2021,36,
DASMARINAS,January,2022,11,
DASMARINAS,February,2022,16,
DASMARINAS,March,2022,11,
DASMARINAS,April,2022,11,
DASMARINAS,May,2022,12,
DASMARINAS,June,2022,25,
DASMARINAS,July,2022,50,
DASMARINAS,August,2022,81,
DASMARINAS,September,2022,54,
DASMARINAS,October,2022,54,
DASMARINAS,November,2022,38,1
DASMARINAS,December,2022,30,1
DASMARINAS,January,2023,40,
DASMARINAS,February,2023,23,
DASMARINAS,March,2023,16,
DASMARINAS,April,2023,12,1
DASMARINAS,May,2023,23,
DASMARINAS,June,2023,20,
DASMARINAS,July,2023,26,
DASMARINAS,August,2023,41,
DASMARINAS,September,2023,39,1
DASMARINAS,October,2023,64,
DASMARINAS,November,2023,55,
DASMARINAS,December,2023,31,2
DASMARINAS,January,2024,47,
DASMARINAS,February,2024,27,
DASMARINAS,March,2024,19,
DASMARINAS,April,2024,24,
DASMARINAS,May,2024,15,
DASMARINAS,June,2024,24,
DASMARINAS,July,2024,62,1
DASMARINAS,August,2024,123,
DASMARINAS,September,2024,209,3
DASMARINAS,October,2024,373,3
DASMARINAS,November,2024,427,1
DASMARINAS,December,2024,388,
"GEN, MARIANO ALVAREZ",January,2018,8,
"GEN, MARIANO ALVAREZ",February,2018,17,
"GEN, MARIANO ALVAREZ",March,2018,7,
"GEN, MARIANO ALVAREZ",April,2018,4,
"GEN, MARIANO ALVAREZ",May,2018,1,
"GEN, MARIANO ALVAREZ",June,2018,5,
"GEN, MARIANO ALVAREZ",July,2018,7,
"GEN, MARIANO ALVAREZ",August,2018,9,
"GEN, MARIANO ALVAREZ",September,2018,8,
"GEN, MARIANO ALVAREZ",October,2018,19,
"GEN, MARIANO ALVAREZ",November,2018,20,
"GEN, MARIANO ALVAREZ",December,2018,23,
GEN. MARIANO ALVAREZ,January,2014,3,0
GEN. MARIANO ALVAREZ,February,2014,0,0
GEN. MARIANO ALVAREZ,March,2014,1,0
GEN. MARIANO ALVAREZ,April,2014,3,0
GEN. MARIANO ALVAREZ,May,2014,2,0
GEN. MARIANO ALVAREZ,June,2014,4,0
GEN. MARIANO ALVAREZ,July,2014,4,0
GEN. MARIANO ALVAREZ,August,2014,4,0
GEN. MARIANO ALVAREZ,September,2014,13,0
GEN. MARIANO ALVAREZ,October,2014,8,0
GEN. MARIANO ALVAREZ,November,2014,4,0
GEN. MARIANO ALVAREZ,December,2014,3,0
GEN. MARIANO ALVAREZ,January,2015,23,
GEN. MARIANO ALVAREZ,February,2015,13,
GEN. MARIANO ALVAREZ,March,2015,13,
GEN. MARIANO ALVAREZ,April,2015,13,
GEN. MARIANO ALVAREZ,May,2015,4,
GEN. MARIANO ALVAREZ,June,2015,6,0
GEN. MARIANO ALVAREZ,July,2015,18,0
GEN. MARIANO ALVAREZ,August,2015,42,1
GEN. MARIANO ALVAREZ,September,2015,128,1
GEN. MARIANO ALVAREZ,October,2015,124,1
GEN. MARIANO ALVAREZ,November,2015,33,0
GEN. MARIANO ALVAREZ,December,2015,4,0
GEN. MARIANO ALVAREZ,January,2016,34,
GEN. MARIANO ALVAREZ,February,2016,21,
GEN. MARIANO ALVAREZ,March,2016,13,
GEN. MARIANO ALVAREZ,April,2016,5,
GEN. MARIANO ALVAREZ,May,2016,2,
GEN. MARIANO ALVAREZ,June,2016,4,0
GEN. MARIANO ALVAREZ,July,2016,13,0
GEN. MARIANO ALVAREZ,August,2016,19,
GEN. MARIANO ALVAREZ,September,2016,18,
GEN. MARIANO ALVAREZ,October,2016,19,
GEN. MARIANO ALVAREZ,November,2016,22,
GEN. MARIANO ALVAREZ,December,2016,6,0
GEN. MARIANO ALVAREZ,January,2017,3,1
GEN. MARIANO ALVAREZ,February,2017,7,
GEN. MARIANO ALVAREZ,March,2017,1,
GEN. MARIANO ALVAREZ,April,2017,1,
GEN. MARIANO ALVAREZ,May,2017,2,
GEN. MARIANO ALVAREZ,June,2017,8,
GEN. MARIANO ALVAREZ,July,2017,37,
GEN. MARIANO ALVAREZ,August,2017,33,
GEN. MARIANO ALVAREZ,September,2017,25,
GEN. MARIANO ALVAREZ,October,2017,12,
GEN. MARIANO ALVAREZ,November,2017,15,
GEN. MARIANO ALVAREZ,December,2017,19,
GEN. MARIANO ALVAREZ,January,2019,48,
GEN. MARIANO ALVAREZ,February,2019,24,
GEN. MARIANO ALVAREZ,March,2019,17,
GEN. MARIANO ALVAREZ,April,2019,10,
GEN. MARIANO ALVAREZ,May,2019,18,
GEN. MARIANO ALVAREZ,June,2019,79,
GEN. MARIANO ALVAREZ,July,2019,415,2
GEN. MARIANO ALVAREZ,August,2019,399,2
GEN. MARIANO ALVAREZ,September,2019,155,
GEN. MARIANO ALVAREZ,October,2019,96,
GEN. MARIANO ALVAREZ,November,2019,44,
GEN. MARIANO ALVAREZ,December,2019,12,
GEN. MARIANO ALVAREZ,January,2020,11,
GEN. MARIANO ALVAREZ,February,2020,5,
GEN. MARIANO ALVAREZ,March,2020,0,
GEN. MARIANO ALVAREZ,April,2020,0,
GEN. MARIANO ALVAREZ,May,2020,0,
GEN. MARIANO ALVAREZ,June,2020,0,
GEN. MARIANO ALVAREZ,July,2020,1,
GEN. MARIANO ALVAREZ,August,2020,1,
GEN. MARIANO ALVAREZ,September,2020,2,
GEN. MARIANO ALVAREZ,October,2020,4,
GEN. MARIANO ALVAREZ,November,2020,4,
GEN. MARIANO ALVAREZ,December,2020,2,
GEN. MARIANO ALVAREZ,January,2021,5,
GEN. MARIANO ALVAREZ,February,2021,7,
GEN. MARIANO ALVAREZ,March,2021,4,
GEN. MARIANO ALVAREZ,April,2021,4,
GEN. MARIANO ALVAREZ,May,2021,6,
GEN. MARIANO ALVAREZ,June,2021,6,
GEN. MARIANO ALVAREZ,July,2021,15,
GEN. MARIANO ALVAREZ,August,2021,8,
GEN. MARIANO ALVAREZ,September,2021,6,
GEN. MARIANO ALVAREZ,October,2021,5,1
GEN. MARIANO ALVAREZ,November,2021,6,
GEN. MARIANO ALVAREZ,December,2021,2,
GEN. MARIANO ALVAREZ,January,2022,2,
GEN. MARIANO ALVAREZ,February,2022,2,
GEN. MARIANO ALVAREZ,March,2022,2,
GEN. MARIANO ALVAREZ,April,2022,2,1
GEN. MARIANO ALVAREZ,May,2022,0,
GEN. MARIANO ALVAREZ,June,2022,3,
GEN. MARIANO ALVAREZ,July,2022,12,
GEN. MARIANO ALVAREZ,August,2022,13,
GEN. MARIANO ALVAREZ,September,2022,12,
GEN. MARIANO ALVAREZ,October,2022,12,
GEN. MARIANO ALVAREZ,November,2022,2,
GEN. MARIANO ALVAREZ,December,2022,3,
GEN. MARIANO ALVAREZ,January,2023,9,
GEN. MARIANO ALVAREZ,February,2023,7,
GEN. MARIANO ALVAREZ,March,2023,4,
GEN. MARIANO ALVAREZ,April,2023,7,
GEN. MARIANO ALVAREZ,May,2023,10,
GEN. MARIANO ALVAREZ,June,2023,12,
GEN. MARIANO ALVAREZ,July,2023,21,
GEN. MARIANO ALVAREZ,August,2023,20,
GEN. MARIANO ALVAREZ,September,2023,30,
GEN. MARIANO ALVAREZ,October,2023,25,
GEN. MARIANO ALVAREZ,November,2023,18,
GEN. MARIANO ALVAREZ,December,2023,11,
GEN. MARIANO ALVAREZ,January,2024,13,
GEN. MARIANO ALVAREZ,February,2024,3,
GEN. MARIANO ALVAREZ,March,2024,5,
GEN. MARIANO ALVAREZ,April,2024,5,
GEN. MARIANO ALVAREZ,May,2024,10,
GEN. MARIANO ALVAREZ,June,2024,9,
GEN. MARIANO ALVAREZ,July,2024,18,
GEN. MARIANO ALVAREZ,August,2024,14,
GEN. MARIANO ALVAREZ,September,2024,19,
GEN. MARIANO ALVAREZ,October,2024,28,
GEN. MARIANO ALVAREZ,November,2024,27,
GEN. MARIANO ALVAREZ,December,2024,34,
GENERAL EMILIO AGUINALDO,January,2014,0,0
GENERAL EMILIO AGUINALDO,February,2014,2,0
GENERAL EMILIO AGUINALDO,March,2014,0,0
GENERAL EMILIO AGUINALDO,April,2014,0,0
GENERAL EMILIO AGUINALDO,May,2014,0,0
GENERAL EMILIO AGUINALDO,June,2014,0,0
GENERAL EMILIO AGUINALDO,July,2014,1,0
GENERAL EMILIO AGUINALDO,August,2014,0,0
GENERAL EMILIO AGUINALDO,September,2014,0,0
GENERAL EMILIO AGUINALDO,October,2014,0,0
GENERAL EMILIO AGUINALDO,November,2014,1,0
GENERAL EMILIO AGUINALDO,December,2014,2,0
GENERAL EMILIO AGUINALDO,January,2015,2,
GENERAL EMILIO AGUINALDO,February,2015,1,
GENERAL EMILIO AGUINALDO,March,2015,1,
GENERAL EMILIO AGUINALDO,April,2015,1,
GENERAL EMILIO AGUINALDO,May,2015,3,
GENERAL EMILIO AGUINALDO,June,2015,6,0
GENERAL EMILIO AGUINALDO,July,2015,7,0
GENERAL EMILIO AGUINALDO,August,2015,24,0
GENERAL EMILIO AGUINALDO,September,2015,9,0
GENERAL EMILIO AGUINALDO,October,2015,2,0
GENERAL EMILIO AGUINALDO,November,2015,3,0
GENERAL EMILIO AGUINALDO,December,2015,6,0
GENERAL EMILIO AGUINALDO,January,2016,1,
GENERAL EMILIO AGUINALDO,February,2016,0,
GENERAL EMILIO AGUINALDO,March,2016,1,
GENERAL EMILIO AGUINALDO,April,2016,0,
GENERAL EMILIO AGUINALDO,May,2016,2,
GENERAL EMILIO AGUINALDO,June,2016,8,0
GENERAL EMILIO AGUINALDO,July,2016,3,0
GENERAL EMILIO AGUINALDO,August,2016,,
GENERAL EMILIO AGUINALDO,September,2016,1,
GENERAL EMILIO AGUINALDO,October,2016,3,
GENERAL EMILIO AGUINALDO,November,2016,2,
GENERAL EMILIO AGUINALDO,December,2016,0,0
GENERAL EMILIO AGUINALDO,January,2017,2,
GENERAL EMILIO AGUINALDO,February,2017,4,
GENERAL EMILIO AGUINALDO,March,2017,2,
GENERAL EMILIO AGUINALDO,April,2017,0,
GENERAL EMILIO AGUINALDO,May,2017,0,
GENERAL EMILIO AGUINALDO,June,2017,1,
GENERAL EMILIO AGUINALDO,July,2017,7,
GENERAL EMILIO AGUINALDO,August,2017,1,
GENERAL EMILIO AGUINALDO,September,2017,1,
GENERAL EMILIO AGUINALDO,October,2017,0,
GENERAL EMILIO AGUINALDO,November,2017,5,
GENERAL EMILIO AGUINALDO,December,2017,2,
GENERAL EMILIO AGUINALDO,January,2018,2,
GENERAL EMILIO AGUINALDO,February,2018,3,
GENERAL EMILIO AGUINALDO,March,2018,2,
GENERAL EMILIO AGUINALDO,April,2018,3,
GENERAL EMILIO AGUINALDO,May,2018,0,
GENERAL EMILIO AGUINALDO,June,2018,1,
GENERAL EMILIO AGUINALDO,July,2018,5,
GENERAL EMILIO AGUINALDO,August,2018,4,
GENERAL EMILIO AGUINALDO,September,2018,1,
GENERAL EMILIO AGUINALDO,October,2018,2,
GENERAL EMILIO AGUINALDO,November,2018,5,
GENERAL EMILIO AGUINALDO,December,2018,1,
GENERAL EMILIO AGUINALDO,January,2019,1,
GENERAL EMILIO AGUINALDO,February,2019,1,
GENERAL EMILIO AGUINALDO,March,2019,0,
GENERAL EMILIO AGUINALDO,April,2019,0,
GENERAL EMILIO AGUINALDO,May,2019,2,
GENERAL EMILIO AGUINALDO,June,2019,6,
GENERAL EMILIO AGUINALDO,July,2019,10,
GENERAL EMILIO AGUINALDO,August,2019,14,
GENERAL EMILIO AGUINALDO,September,2019,8,
GENERAL EMILIO AGUINALDO,October,2019,7,
GENERAL EMILIO AGUINALDO,November,2019,3,
GENERAL EMILIO AGUINALDO,December,2019,1,
GENERAL EMILIO AGUINALDO,January,2020,2,
GENERAL EMILIO AGUINALDO,February,2020,4,
GENERAL EMILIO AGUINALDO,March,2020,3,
GENERAL EMILIO AGUINALDO,April,2020,2,
GENERAL EMILIO AGUINALDO,May,2020,4,
GENERAL EMILIO AGUINALDO,June,2020,8,
GENERAL EMILIO AGUINALDO,July,2020,13,
GENERAL EMILIO AGUINALDO,August,2020,7,
GENERAL EMILIO AGUINALDO,September,2020,0,
GENERAL EMILIO AGUINALDO,October,2020,0,
GENERAL EMILIO AGUINALDO,November,2020,2,
GENERAL EMILIO AGUINALDO,December,2020,0,
GENERAL EMILIO AGUINALDO,January,2021,0,
GENERAL EMILIO AGUINALDO,February,2021,0,
GENERAL EMILIO AGUINALDO,March,2021,4,
GENERAL EMILIO AGUINALDO,April,2021,11,
GENERAL EMILIO AGUINALDO,May,2021,2,
GENERAL EMILIO AGUINALDO,June,2021,14,
GENERAL EMILIO AGUINALDO,July,2021,14,
GENERAL EMILIO AGUINALDO,August,2021,11,
GENERAL EMILIO AGUINALDO,September,2021,0,
GENERAL EMILIO AGUINALDO,October,2021,3,
GENERAL EMILIO AGUINALDO,November,2021,1,
GENERAL EMILIO AGUINALDO,December,2021,2,
GENERAL EMILIO AGUINALDO,January,2022,0,
GENERAL EMILIO AGUINALDO,February,2022,1,
GENERAL EMILIO AGUINALDO,March,2022,0,
GENERAL EMILIO AGUINALDO,April,2022,0,
GENERAL EMILIO AGUINALDO,May,2022,2,
GENERAL EMILIO AGUINALDO,June,2022,11,
GENERAL EMILIO AGUINALDO,July,2022,21,
GENERAL EMILIO AGUINALDO,August,2022,8,
GENERAL EMILIO AGUINALDO,September,2022,2,1
GENERAL EMILIO AGUINALDO,October,2022,2,1
GENERAL EMILIO AGUINALDO,November,2022,1,
GENERAL EMILIO AGUINALDO,December,2022,0,
GENERAL EMILIO AGUINALDO,January,2023,1,
GENERAL EMILIO AGUINALDO,February,2023,0,
GENERAL EMILIO AGUINALDO,March,2023,0,
GENERAL EMILIO AGUINALDO,April,2023,1,
GENERAL EMILIO AGUINALDO,May,2023,1,
GENERAL EMILIO AGUINALDO,June,2023,3,
GENERAL EMILIO AGUINALDO,July,2023,2,
GENERAL EMILIO AGUINALDO,August,2023,3,
GENERAL EMILIO AGUINALDO,September,2023,0,
GENERAL EMILIO AGUINALDO,October,2023,5,
GENERAL EMILIO AGUINALDO,November,2023,3,
GENERAL EMILIO AGUINALDO,December,2023,0,
GENERAL EMILIO AGUINALDO,January,2024,1,
GENERAL EMILIO AGUINALDO,February,2024,1,
GENERAL EMILIO AGUINALDO,March,2024,1,
GENERAL EMILIO AGUINALDO,April,2024,8,
GENERAL EMILIO AGUINALDO,May,2024,1,
GENERAL EMILIO AGUINALDO,June,2024,3,
GENERAL EMILIO AGUINALDO,July,2024,2,
GENERAL EMILIO AGUINALDO,August,2024,2,
GENERAL EMILIO AGUINALDO,September,2024,3,
GENERAL EMILIO AGUINALDO,October,2024,3,
GENERAL EMILIO AGUINALDO,November,2024,4,
GENERAL EMILIO AGUINALDO,December,2024,2,
GENERAL TRIAS,January,2014,40,0
GENERAL TRIAS,February,2014,7,0
GENERAL TRIAS,March,2014,6,0
GENERAL TRIAS,April,2014,3,0
GENERAL TRIAS,May,2014,14,0
GENERAL TRIAS,June,2014,6,0
GENERAL TRIAS,July,2014,5,0
GENERAL TRIAS,August,2014,12,0
GENERAL TRIAS,September,2014,40,0
GENERAL TRIAS,October,2014,45,0
GENERAL TRIAS,November,2014,74,0
GENERAL TRIAS,December,2014,28,0
GENERAL TRIAS,January,2015,77,
GENERAL TRIAS,February,2015,62,1
GENERAL TRIAS,March,2015,62,1
GENERAL TRIAS,April,2015,62,1
GENERAL TRIAS,May,2015,9,
GENERAL TRIAS,June,2015,22,0
GENERAL TRIAS,July,2015,76,0
GENERAL TRIAS,August,2015,168,1
GENERAL TRIAS,September,2015,291,0
GENERAL TRIAS,October,2015,440,3
GENERAL TRIAS,November,2015,257,0
GENERAL TRIAS,December,2015,84,0
GENERAL TRIAS,January,2016,79,2
GENERAL TRIAS,February,2016,61,2
GENERAL TRIAS,March,2016,32,
GENERAL TRIAS,April,2016,21,
GENERAL TRIAS,May,2016,13,
GENERAL TRIAS,June,2016,14,1
GENERAL TRIAS,July,2016,32,
GENERAL TRIAS,August,2016,105,
GENERAL TRIAS,September,2016,93,
GENERAL TRIAS,October,2016,79,
GENERAL TRIAS,November,2016,76,
GENERAL TRIAS,December,2016,45,1
GENERAL TRIAS,January,2017,79,
GENERAL TRIAS,February,2017,38,
GENERAL TRIAS,March,2017,26,
GENERAL TRIAS,April,2017,13,
GENERAL TRIAS,May,2017,10,
GENERAL TRIAS,June,2017,28,
GENERAL TRIAS,July,2017,97,
GENERAL TRIAS,August,2017,126,1
GENERAL TRIAS,September,2017,101,
GENERAL TRIAS,October,2017,77,
GENERAL TRIAS,November,2017,134,
GENERAL TRIAS,December,2017,132,1
GENERAL TRIAS,January,2018,147,
GENERAL TRIAS,February,2018,82,
GENERAL TRIAS,March,2018,40,
GENERAL TRIAS,April,2018,18,
GENERAL TRIAS,May,2018,19,
GENERAL TRIAS,June,2018,8,
GENERAL TRIAS,July,2018,49,
GENERAL TRIAS,August,2018,51,
GENERAL TRIAS,September,2018,69,
GENERAL TRIAS,October,2018,85,
GENERAL TRIAS,November,2018,113,
GENERAL TRIAS,December,2018,69,
GENERAL TRIAS,January,2019,90,
GENERAL TRIAS,February,2019,77,2
GENERAL TRIAS,March,2019,35,
GENERAL TRIAS,April,2019,16,
GENERAL TRIAS,May,2019,23,
GENERAL TRIAS,June,2019,55,1
GENERAL TRIAS,July,2019,298,1
GENERAL TRIAS,August,2019,499,1
GENERAL TRIAS,September,2019,487,1
GENERAL TRIAS,October,2019,331,1
GENERAL TRIAS,November,2019,160,2
GENERAL TRIAS,December,2019,115,
GENERAL TRIAS,January,2020,139,1
GENERAL TRIAS,February,2020,45,
GENERAL TRIAS,March,2020,16,
GENERAL TRIAS,April,2020,2,
GENERAL TRIAS,May,2020,1,
GENERAL TRIAS,June,2020,1,
GENERAL TRIAS,July,2020,5,
GENERAL TRIAS,August,2020,4,
GENERAL TRIAS,September,2020,9,
GENERAL TRIAS,October,2020,22,
GENERAL TRIAS,November,2020,26,
GENERAL TRIAS,December,2020,38,
GENERAL TRIAS,January,2021,83,
GENERAL TRIAS,February,2021,40,1
GENERAL TRIAS,March,2021,24,
GENERAL TRIAS,April,2021,7,
GENERAL TRIAS,May,2021,5,
GENERAL TRIAS,June,2021,1,
GENERAL TRIAS,July,2021,6,
GENERAL TRIAS,August,2021,1,
GENERAL TRIAS,September,2021,9,
GENERAL TRIAS,October,2021,8,
GENERAL TRIAS,November,2021,26,
GENERAL TRIAS,December,2021,15,
GENERAL TRIAS,January,2022,10,
GENERAL TRIAS,February,2022,12,
GENERAL TRIAS,March,2022,4,
GENERAL TRIAS,April,2022,3,
GENERAL TRIAS,May,2022,14,
GENERAL TRIAS,June,2022,41,
GENERAL TRIAS,July,2022,108,
GENERAL TRIAS,August,2022,163,1
GENERAL TRIAS,September,2022,107,
GENERAL TRIAS,October,2022,107,
GENERAL TRIAS,November,2022,81,
GENERAL TRIAS,December,2022,56,
GENERAL TRIAS,January,2023,73,
GENERAL TRIAS,February,2023,32,
GENERAL TRIAS,March,2023,26,
GENERAL TRIAS,April,2023,25,
GENERAL TRIAS,May,2023,13,
GENERAL TRIAS,June,2023,30,
GENERAL TRIAS,July,2023,29,
GENERAL TRIAS,August,2023,23,
GENERAL TRIAS,September,2023,46,
GENERAL TRIAS,October,2023,78,
GENERAL TRIAS,November,2023,61,1
GENERAL TRIAS,December,2023,40,
GENERAL TRIAS,January,2024,53,
GENERAL TRIAS,February,2024,40,
GENERAL TRIAS,March,2024,22,
GENERAL TRIAS,April,2024,6,
GENERAL TRIAS,May,2024,14,
GENERAL TRIAS,June,2024,30,1
GENERAL TRIAS,July,2024,111,
GENERAL TRIAS,August,2024,179,
GENERAL TRIAS,September,2024,213,1
GENERAL TRIAS,October,2024,317,2
GENERAL TRIAS,November,2024,417,4
GENERAL TRIAS,December,2024,271,2
IMUS,January,2014,72,0
IMUS,February,2014,23,0
IMUS,March,2014,16,0
IMUS,April,2014,2,0
IMUS,May,2014,6,0
IMUS,June,2014,9,0
IMUS,July,2014,11,0
IMUS,August,2014,35,0
IMUS,September,2014,36,0
IMUS,October,2014,72,0
IMUS,November,2014,93,0
IMUS,December,2014,54,1
IMUS,January,2015,95,
IMUS,February,2015,64,
IMUS,March,2015,64,
IMUS,April,2015,64,
IMUS,May,2015,12,
IMUS,June,2015,23,0
IMUS,July,2015,45,0
IMUS,August,2015,70,0
IMUS,September,2015,189,0
IMUS,October,2015,427,0
IMUS,November,2015,365,1
IMUS,December,2015,102,0
IMUS,January,2016,108,
IMUS,February,2016,49,
IMUS,March,2016,37,
IMUS,April,2016,15,
IMUS,May,2016,10,
IMUS,June,2016,20,0
IMUS,July,2016,39,0
IMUS,August,2016,79,
IMUS,September,2016,79,0
IMUS,October,2016,89,
IMUS,November,2016,63,0
IMUS,December,2016,61,0
IMUS,January,2017,61,1
IMUS,February,2017,53,
IMUS,March,2017,40,1
IMUS,April,2017,19,
IMUS,May,2017,13,
IMUS,June,2017,21,
IMUS,July,2017,55,
IMUS,August,2017,71,
IMUS,September,2017,66,
IMUS,October,2017,92,
IMUS,November,2017,161,
IMUS,December,2017,118,
IMUS,January,2018,131,
IMUS,February,2018,74,
IMUS,March,2018,36,1
IMUS,April,2018,15,1
IMUS,May,2018,15,
IMUS,June,2018,22,
IMUS,July,2018,25,
IMUS,August,2018,47,
IMUS,September,2018,100,2
IMUS,October,2018,176,1
IMUS,November,2018,177,
IMUS,December,2018,126,
IMUS,January,2019,127,
IMUS,February,2019,88,
IMUS,March,2019,30,
IMUS,April,2019,17,
IMUS,May,2019,11,
IMUS,June,2019,30,
IMUS,July,2019,234,1
IMUS,August,2019,410,1
IMUS,September,2019,602,1
IMUS,October,2019,426,3
IMUS,November,2019,340,0
IMUS,December,2019,257,3
IMUS,January,2020,289,
IMUS,February,2020,120,
IMUS,March,2020,41,
IMUS,April,2020,1,
IMUS,May,2020,6,
IMUS,June,2020,3,
IMUS,July,2020,7,
IMUS,August,2020,5,
IMUS,September,2020,10,
IMUS,October,2020,9,
IMUS,November,2020,25,
IMUS,December,2020,34,1
IMUS,January,2021,70,1
IMUS,February,2021,40,
IMUS,March,2021,29,1
IMUS,April,2021,30,
IMUS,May,2021,11,
IMUS,June,2021,21,
IMUS,July,2021,30,
IMUS,August,2021,19,
IMUS,September,2021,15,
IMUS,October,2021,63,
IMUS,November,2021,121,
IMUS,December,2021,89,
IMUS,January,2022,21,
IMUS,February,2022,39,
IMUS,March,2022,18,
IMUS,April,2022,35,
IMUS,May,2022,31,
IMUS,June,2022,69,
IMUS,July,2022,187,
IMUS,August,2022,264,
IMUS,September,2022,184,
IMUS,October,2022,184,
IMUS,November,2022,146,
IMUS,December,2022,90,
IMUS,January,2023,126,
IMUS,February,2023,76,
IMUS,March,2023,60,
IMUS,April,2023,66,
IMUS,May,2023,36,
IMUS,June,2023,66,
IMUS,July,2023,33,
IMUS,August,2023,47,
IMUS,September,2023,57,
IMUS,October,2023,142,
IMUS,November,2023,190,
IMUS,December,2023,107,
IMUS,January,2024,89,
IMUS,February,2024,42,
IMUS,March,2024,23,
IMUS,April,2024,26,
IMUS,May,2024,10,
IMUS,June,2024,14,
IMUS,July,2024,112,
IMUS,August,2024,242,1
IMUS,September,2024,285,2
IMUS,October,2024,450,2
IMUS,November,2024,555,1
IMUS,December,2024,486,
INDANG,January,2014,1,0
INDANG,February,2014,1,0
INDANG,March,2014,0,0
INDANG,April,2014,0,0
INDANG,May,2014,2,0
INDANG,June,2014,1,0
INDANG,July,2014,6,0
INDANG,August,2014,5,0
INDANG,September,2014,7,0
INDANG,October,2014,2,0
INDANG,November,2014,6,0
INDANG,December,2014,4,0
INDANG,January,2015,5,
INDANG,February,2015,3,
INDANG,March,2015,3,
INDANG,April,2015,3,
INDANG,May,2015,5,
INDANG,June,2015,10,1
INDANG,July,2015,28,0
INDANG,August,2015,36,0
INDANG,September,2015,46,1
INDANG,October,2015,49,0
INDANG,November,2015,32,0
INDANG,December,2015,14,0
INDANG,January,2016,7,
INDANG,February,2016,6,
INDANG,March,2016,6,
INDANG,April,2016,4,
INDANG,May,2016,1,
INDANG,June,2016,7,0
INDANG,July,2016,17,0
INDANG,August,2016,29,
INDANG,September,2016,17,
INDANG,October,2016,10,
INDANG,November,2016,2,
INDANG,December,2016,3,0
INDANG,January,2017,6,
INDANG,February,2017,8,
INDANG,March,2017,11,
INDANG,April,2017,4,
INDANG,May,2017,4,
INDANG,June,2017,10,
INDANG,July,2017,18,
INDANG,August,2017,20,
INDANG,September,2017,23,
INDANG,October,2017,18,
INDANG,November,2017,5,
INDANG,December,2017,3,
INDANG,January,2018,16,
INDANG,February,2018,14,
INDANG,March,2018,10,
INDANG,April,2018,7,
INDANG,May,2018,3,
INDANG,June,2018,6,
INDANG,July,2018,10,
INDANG,August,2018,9,
INDANG,September,2018,13,
INDANG,October,2018,11,
INDANG,November,2018,13,
INDANG,December,2018,10,
INDANG,January,2019,13,
INDANG,February,2019,10,
INDANG,March,2019,4,
INDANG,April,2019,5,
INDANG,May,2019,7,
INDANG,June,2019,55,
INDANG,July,2019,116,1
INDANG,August,2019,86,
INDANG,September,2019,73,
INDANG,October,2019,35,1
INDANG,November,2019,8,
INDANG,December,2019,8,
INDANG,January,2020,12,
INDANG,February,2020,3,
INDANG,March,2020,2,
INDANG,April,2020,0,
INDANG,May,2020,0,
INDANG,June,2020,1,
INDANG,July,2020,0,
INDANG,August,2020,0,
INDANG,September,2020,0,
INDANG,October,2020,2,
INDANG,November,2020,3,
INDANG,December,2020,2,
INDANG,January,2021,4,
INDANG,February,2021,0,
INDANG,March,2021,2,
INDANG,April,2021,0,
INDANG,May,2021,3,
INDANG,June,2021,1,
INDANG,July,2021,3,
INDANG,August,2021,1,
INDANG,September,2021,1,
INDANG,October,2021,0,
INDANG,November,2021,0,
INDANG,December,2021,0,
INDANG,January,2022,0,
INDANG,February,2022,1,
INDANG,March,2022,1,
INDANG,April,2022,2,
INDANG,May,2022,20,
INDANG,June,2022,32,
INDANG,July,2022,59,
INDANG,August,2022,55,
INDANG,September,2022,24,
INDANG,October,2022,24,
INDANG,November,2022,2,
INDANG,December,2022,0,
INDANG,January,2023,4,
INDANG,February,2023,1,
INDANG,March,2023,3,
INDANG,April,2023,1,
INDANG,May,2023,3,
INDANG,June,2023,5,
INDANG,July,2023,2,1
INDANG,August,2023,5,
INDANG,September,2023,3,
INDANG,October,2023,11,
INDANG,November,2023,7,
INDANG,December,2023,3,
INDANG,January,2024,10,
INDANG,February,2024,4,
INDANG,March,2024,3,
INDANG,April,2024,2,
INDANG,May,2024,4,
INDANG,June,2024,13,
INDANG,July,2024,52,
INDANG,August,2024,64,
INDANG,September,2024,20,1
INDANG,October,2024,9,
INDANG,November,2024,20,
INDANG,December,2024,11,
KAWIT,January,2014,11,0
KAWIT,February,2014,3,0
KAWIT,March,2014,2,0
KAWIT,April,2014,2,0
KAWIT,May,2014,1,0
KAWIT,June,2014,1,0
KAWIT,July,2014,1,0
KAWIT,August,2014,1,0
KAWIT,September,2014,5,0
KAWIT,October,2014,4,0
KAWIT,November,2014,7,0
KAWIT,December,2014,6,0
KAWIT,January,2015,14,
KAWIT,February,2015,12,
KAWIT,March,2015,12,
KAWIT,April,2015,12,
KAWIT,May,2015,3,
KAWIT,June,2015,4,0
KAWIT,July,2015,10,0
KAWIT,August,2015,9,0
KAWIT,September,2015,51,0
KAWIT,October,2015,86,1
KAWIT,November,2015,73,0
KAWIT,December,2015,16,0
KAWIT,January,2016,36,
KAWIT,February,2016,12,
KAWIT,March,2016,10,
KAWIT,April,2016,7,
KAWIT,May,2016,5,
KAWIT,June,2016,1,0
KAWIT,July,2016,6,0
KAWIT,August,2016,26,
KAWIT,September,2016,15,
KAWIT,October,2016,12,
KAWIT,November,2016,22,
KAWIT,December,2016,14,0
KAWIT,January,2017,13,
KAWIT,February,2017,8,
KAWIT,March,2017,2,
KAWIT,April,2017,5,
KAWIT,May,2017,2,
KAWIT,June,2017,3,
KAWIT,July,2017,10,
KAWIT,August,2017,13,
KAWIT,September,2017,11,
KAWIT,October,2017,18,
KAWIT,November,2017,35,
KAWIT,December,2017,41,
KAWIT,January,2018,31,
KAWIT,February,2018,16,
KAWIT,March,2018,10,
KAWIT,April,2018,12,1
KAWIT,May,2018,4,
KAWIT,June,2018,3,
KAWIT,July,2018,13,
KAWIT,August,2018,12,
KAWIT,September,2018,21,
KAWIT,October,2018,21,
KAWIT,November,2018,37,
KAWIT,December,2018,25,
KAWIT,January,2019,30,
KAWIT,February,2019,26,
KAWIT,March,2019,6,
KAWIT,April,2019,1,
KAWIT,May,2019,2,
KAWIT,June,2019,0,
KAWIT,July,2019,23,
KAWIT,August,2019,67,
KAWIT,September,2019,81,
KAWIT,October,2019,40,
KAWIT,November,2019,43,
KAWIT,December,2019,18,
KAWIT,January,2020,37,
KAWIT,February,2020,17,
KAWIT,March,2020,3,
KAWIT,April,2020,0,
KAWIT,May,2020,0,
KAWIT,June,2020,0,
KAWIT,July,2020,0,
KAWIT,August,2020,1,
KAWIT,September,2020,0,
KAWIT,October,2020,3,
KAWIT,November,2020,2,
KAWIT,December,2020,2,
KAWIT,January,2021,9,
KAWIT,February,2021,2,
KAWIT,March,2021,2,
KAWIT,April,2021,1,
KAWIT,May,2021,3,
KAWIT,June,2021,0,
KAWIT,July,2021,2,
KAWIT,August,2021,2,
KAWIT,September,2021,1,
KAWIT,October,2021,5,
KAWIT,November,2021,11,
KAWIT,December,2021,4,
KAWIT,January,2022,4,
KAWIT,February,2022,1,
KAWIT,March,2022,2,
KAWIT,April,2022,0,
KAWIT,May,2022,0,
KAWIT,June,2022,5,
KAWIT,July,2022,10,
KAWIT,August,2022,22,
KAWIT,September,2022,13,
KAWIT,October,2022,13,
KAWIT,November,2022,14,
KAWIT,December,2022,8,
KAWIT,January,2023,14,
KAWIT,February,2023,13,
KAWIT,March,2023,7,
KAWIT,April,2023,12,
KAWIT,May,2023,8,
KAWIT,June,2023,9,
KAWIT,July,2023,11,1
KAWIT,August,2023,7,
KAWIT,September,2023,13,
KAWIT,October,2023,5,
KAWIT,November,2023,18,
KAWIT,December,2023,8,
KAWIT,January,2024,9,
KAWIT,February,2024,7,
KAWIT,March,2024,2,
KAWIT,April,2024,0,
KAWIT,May,2024,1,
KAWIT,June,2024,3,
KAWIT,July,2024,12,
KAWIT,August,2024,27,1
KAWIT,September,2024,36,
KAWIT,October,2024,75,
KAWIT,November,2024,108,1
KAWIT,December,2024,86,
MAGALLANES,January,2014,0,0
MAGALLANES,February,2014,0,0
MAGALLANES,March,2014,0,0
MAGALLANES,April,2014,1,0
MAGALLANES,May,2014,0,0
MAGALLANES,June,2014,0,0
MAGALLANES,July,2014,8,0
MAGALLANES,August,2014,2,0
MAGALLANES,September,2014,0,0
MAGALLANES,October,2014,3,0
MAGALLANES,November,2014,2,0
MAGALLANES,December,2014,3,0
MAGALLANES,January,2015,0,
MAGALLANES,February,2015,0,
MAGALLANES,March,2015,0,
MAGALLANES,April,2015,0,
MAGALLANES,May,2015,2,
MAGALLANES,June,2015,4,0
MAGALLANES,July,2015,5,0
MAGALLANES,August,2015,9,0
MAGALLANES,September,2015,12,0
MAGALLANES,October,2015,5,0
MAGALLANES,November,2015,7,0
MAGALLANES,December,2015,3,0
MAGALLANES,January,2016,1,
MAGALLANES,February,2016,2,
MAGALLANES,March,2016,,
MAGALLANES,April,2016,0,
MAGALLANES,May,2016,0,
MAGALLANES,June,2016,2,0
MAGALLANES,July,2016,1,0
MAGALLANES,August,2016,,
MAGALLANES,September,2016,4,
MAGALLANES,October,2016,1,
MAGALLANES,November,2016,0,
MAGALLANES,December,2016,1,0
MAGALLANES,January,2017,2,
MAGALLANES,February,2017,1,
MAGALLANES,March,2017,0,
MAGALLANES,April,2017,O,
MAGALLANES,May,2017,0,
MAGALLANES,June,2017,1,
MAGALLANES,July,2017,3,
MAGALLANES,August,2017,5,
MAGALLANES,September,2017,2,
MAGALLANES,October,2017,2,
MAGALLANES,November,2017,1,
MAGALLANES,December,2017,1,
MAGALLANES,January,2018,0,
MAGALLANES,February,2018,1,
MAGALLANES,March,2018,1,
MAGALLANES,April,2018,0,
MAGALLANES,May,2018,1,
MAGALLANES,June,2018,0,
MAGALLANES,July,2018,8,
MAGALLANES,August,2018,2,
MAGALLANES,September,2018,3,
MAGALLANES,October,2018,0,
MAGALLANES,November,2018,0,
MAGALLANES,December,2018,0,
MAGALLANES,January,2019,3,
MAGALLANES,February,2019,3,
MAGALLANES,March,2019,1,
MAGALLANES,April,2019,0,
MAGALLANES,May,2019,0,
MAGALLANES,June,2019,3,
MAGALLANES,July,2019,42,
MAGALLANES,August,2019,19,
MAGALLANES,September,2019,8,
MAGALLANES,October,2019,3,
MAGALLANES,November,2019,2,
MAGALLANES,December,2019,0,
MAGALLANES,January,2020,1,
MAGALLANES,February,2020,0,
MAGALLANES,March,2020,2,
MAGALLANES,April,2020,0,
MAGALLANES,May,2020,0,
MAGALLANES,June,2020,0,
MAGALLANES,July,2020,1,
MAGALLANES,August,2020,0,
MAGALLANES,September,2020,0,
MAGALLANES,October,2020,0,
MAGALLANES,November,2020,0,
MAGALLANES,December,2020,0,
MAGALLANES,January,2021,0,
MAGALLANES,February,2021,2,
MAGALLANES,March,2021,0,
MAGALLANES,April,2021,0,
MAGALLANES,May,2021,0,
MAGALLANES,June,2021,0,
MAGALLANES,July,2021,2,
MAGALLANES,August,2021,0,
MAGALLANES,September,2021,0,
MAGALLANES,October,2021,0,
MAGALLANES,November,2021,0,
MAGALLANES,December,2021,0,
MAGALLANES,January,2022,0,
MAGALLANES,February,2022,0,
MAGALLANES,March,2022,0,
MAGALLANES,April,2022,0,
MAGALLANES,May,2022,0,
MAGALLANES,June,2022,2,
MAGALLANES,July,2022,6,
MAGALLANES,August,2022,2,
MAGALLANES,September,2022,3,
MAGALLANES,October,2022,3,
MAGALLANES,November,2022,0,
MAGALLANES,December,2022,0,
MAGALLANES,January,2023,1,
MAGALLANES,February,2023,1,
MAGALLANES,March,2023,0,
MAGALLANES,April,2023,1,
MAGALLANES,May,2023,3,
MAGALLANES,June,2023,3,
MAGALLANES,July,2023,9,
MAGALLANES,August,2023,3,
MAGALLANES,September,2023,2,
MAGALLANES,October,2023,2,
MAGALLANES,November,2023,0,
MAGALLANES,December,2023,1,
MAGALLANES,January,2024,3,
MAGALLANES,February,2024,2,
MAGALLANES,March,2024,4,
MAGALLANES,April,2024,4,
MAGALLANES,May,2024,5,
MAGALLANES,June,2024,38,
MAGALLANES,July,2024,81,
MAGALLANES,August,2024,78,
MAGALLANES,September,2024,27,
MAGALLANES,October,2024,14,
MAGALLANES,November,2024,4,
MAGALLANES,December,2024,1,
MARAGONDON,January,2014,0,1
MARAGONDON,February,2014,1,0
MARAGONDON,March,2014,3,0
MARAGONDON,April,2014,0,0
MARAGONDON,May,2014,0,0
MARAGONDON,June,2014,0,0
MARAGONDON,July,2014,1,0
MARAGONDON,August,2014,5,0
MARAGONDON,September,2014,3,0
MARAGONDON,October,2014,2,0
MARAGONDON,November,2014,10,0
MARAGONDON,December,2014,8,0
MARAGONDON,January,2015,6,
MARAGONDON,February,2015,15,
MARAGONDON,March,2015,15,
MARAGONDON,April,2015,15,
MARAGONDON,May,2015,3,
MARAGONDON,June,2015,1,0
MARAGONDON,July,2015,18,0
MARAGONDON,August,2015,4,0
MARAGONDON,September,2015,25,0
MARAGONDON,October,2015,19,0
MARAGONDON,November,2015,17,0
MARAGONDON,December,2015,0,0
MARAGONDON,January,2016,8,
MARAGONDON,February,2016,3,
MARAGONDON,March,2016,2,
MARAGONDON,April,2016,1,
MARAGONDON,May,2016,1,
MARAGONDON,June,2016,0,0
MARAGONDON,July,2016,4,0
MARAGONDON,August,2016,5,
MARAGONDON,September,2016,1,
MARAGONDON,October,2016,8,
MARAGONDON,November,2016,3,
MARAGONDON,December,2016,1,0
MARAGONDON,January,2017,2,
MARAGONDON,February,2017,0,
MARAGONDON,March,2017,1,
MARAGONDON,April,2017,0,
MARAGONDON,May,2017,4,
MARAGONDON,June,2017,1,
MARAGONDON,July,2017,14,
MARAGONDON,August,2017,7,
MARAGONDON,September,2017,5,
MARAGONDON,October,2017,5,
MARAGONDON,November,2017,4,
MARAGONDON,December,2017,2,
MARAGONDON,January,2018,5,
MARAGONDON,February,2018,3,
MARAGONDON,March,2018,2,
MARAGONDON,April,2018,0,
MARAGONDON,May,2018,1,
MARAGONDON,June,2018,0,
MARAGONDON,July,2018,1,
MARAGONDON,August,2018,1,
MARAGONDON,September,2018,0,
MARAGONDON,October,2018,3,
MARAGONDON,November,2018,1,
MARAGONDON,December,2018,1,
MARAGONDON,January,2019,5,
MARAGONDON,February,2019,8,
MARAGONDON,March,2019,2,
MARAGONDON,April,2019,0,
MARAGONDON,May,2019,0,
MARAGONDON,June,2019,4,
MARAGONDON,July,2019,19,
MARAGONDON,August,2019,35,
MARAGONDON,September,2019,19,
MARAGONDON,October,2019,10,
MARAGONDON,November,2019,8,
MARAGONDON,December,2019,6,
MARAGONDON,January,2020,6,
MARAGONDON,February,2020,15,
MARAGONDON,March,2020,6,
MARAGONDON,April,2020,1,
MARAGONDON,May,2020,1,
MARAGONDON,June,2020,3,
MARAGONDON,July,2020,2,
MARAGONDON,August,2020,0,
MARAGONDON,September,2020,0,
MARAGONDON,October,2020,0,
MARAGONDON,November,2020,1,
MARAGONDON,December,2020,0,
MARAGONDON,January,2021,3,
MARAGONDON,February,2021,0,
MARAGONDON,March,2021,6,
MARAGONDON,April,2021,1,
MARAGONDON,May,2021,1,
MARAGONDON,June,2021,1,
MARAGONDON,July,2021,1,
MARAGONDON,August,2021,1,
MARAGONDON,September,2021,0,
MARAGONDON,October,2021,2,
MARAGONDON,November,2021,4,
MARAGONDON,December,2021,1,
MARAGONDON,January,2022,0,
MARAGONDON,February,2022,0,
MARAGONDON,March,2022,0,
MARAGONDON,April,2022,0,
MARAGONDON,May,2022,1,
MARAGONDON,June,2022,7,
MARAGONDON,July,2022,21,
MARAGONDON,August,2022,20,
MARAGONDON,September,2022,3,
MARAGONDON,October,2022,3,
MARAGONDON,November,2022,0,
MARAGONDON,December,2022,0,
MARAGONDON,January,2023,2,
MARAGONDON,February,2023,0,
MARAGONDON,March,2023,0,
MARAGONDON,April,2023,0,
MARAGONDON,May,2023,1,
MARAGONDON,June,2023,4,
MARAGONDON,July,2023,0,
MARAGONDON,August,2023,1,
MARAGONDON,September,2023,2,
MARAGONDON,October,2023,1,
MARAGONDON,November,2023,4,
MARAGONDON,December,2023,0,
MARAGONDON,January,2024,0,
MARAGONDON,February,2024,0,
MARAGONDON,March,2024,1,
MARAGONDON,April,2024,1,
MARAGONDON,May,2024,1,
MARAGONDON,June,2024,0,
MARAGONDON,July,2024,10,
MARAGONDON,August,2024,5,
MARAGONDON,September,2024,13,
MARAGONDON,October,2024,6,
MARAGONDON,November,2024,16,
MARAGONDON,December,2024,15,
MENDEZ,January,2014,1,0
MENDEZ,February,2014,1,0
MENDEZ,March,2014,0,0
MENDEZ,April,2014,1,0
MENDEZ,May,2014,0,0
MENDEZ,June,2014,0,0
MENDEZ,July,2014,0,0
MENDEZ,August,2014,0,0
MENDEZ,September,2014,3,0
MENDEZ,October,2014,1,0
MENDEZ,November,2014,1,0
MENDEZ,December,2014,3,0
MENDEZ,January,2015,2,
MENDEZ,February,2015,2,
MENDEZ,March,2015,2,
MENDEZ,April,2015,2,
MENDEZ,May,2015,3,
MENDEZ,June,2015,6,0
MENDEZ,July,2015,21,0
MENDEZ,August,2015,23,0
MENDEZ,September,2015,24,0
MENDEZ,October,2015,37,0
MENDEZ,November,2015,37,0
MENDEZ,December,2015,17,0
MENDEZ,January,2016,6,
MENDEZ,February,2016,3,
MENDEZ,March,2016,3,
MENDEZ,April,2016,8,
MENDEZ,May,2016,5,
MENDEZ,June,2016,14,
MENDEZ,July,2016,21,0
MENDEZ,August,2016,25,
MENDEZ,September,2016,17,
MENDEZ,October,2016,15,
MENDEZ,November,2016,5,
MENDEZ,December,2016,3,0
MENDEZ,January,2017,10,
MENDEZ,February,2017,16,
MENDEZ,March,2017,7,
MENDEZ,April,2017,2,
MENDEZ,May,2017,2,
MENDEZ,June,2017,1,
MENDEZ,July,2017,5,
MENDEZ,August,2017,8,
MENDEZ,September,2017,3,
MENDEZ,October,2017,13,
MENDEZ,November,2017,38,
MENDEZ,December,2017,34,
MENDEZ,January,2018,13,
MENDEZ,February,2018,4,
MENDEZ,March,2018,4,
MENDEZ,April,2018,4,
MENDEZ,May,2018,19,
MENDEZ,June,2018,34,
MENDEZ,July,2018,57,
MENDEZ,August,2018,28,
MENDEZ,September,2018,17,
MENDEZ,October,2018,8,
MENDEZ,November,2018,10,
MENDEZ,December,2018,3,
MENDEZ,January,2019,6,
MENDEZ,February,2019,9,
MENDEZ,March,2019,0,
MENDEZ,April,2019,0,
MENDEZ,May,2019,4,
MENDEZ,June,2019,16,
MENDEZ,July,2019,42,
MENDEZ,August,2019,40,
MENDEZ,September,2019,21,
MENDEZ,October,2019,14,
MENDEZ,November,2019,11,
MENDEZ,December,2019,1,
MENDEZ,January,2020,3,
MENDEZ,February,2020,2,
MENDEZ,March,2020,4,
MENDEZ,April,2020,0,
MENDEZ,May,2020,1,
MENDEZ,June,2020,14,
MENDEZ,July,2020,7,
MENDEZ,August,2020,0,
MENDEZ,September,2020,0,
MENDEZ,October,2020,4,
MENDEZ,November,2020,1,
MENDEZ,December,2020,0,
MENDEZ,January,2021,3,
MENDEZ,February,2021,3,
MENDEZ,March,2021,5,
MENDEZ,April,2021,0,
MENDEZ,May,2021,0,
MENDEZ,June,2021,1,
MENDEZ,July,2021,5,
MENDEZ,August,2021,1,
MENDEZ,September,2021,0,
MENDEZ,October,2021,6,
MENDEZ,November,2021,5,
MENDEZ,December,2021,2,
MENDEZ,January,2022,0,
MENDEZ,February,2022,3,
MENDEZ,March,2022,6,
MENDEZ,April,2022,4,
MENDEZ,May,2022,7,
MENDEZ,June,2022,38,
MENDEZ,July,2022,52,
MENDEZ,August,2022,39,
MENDEZ,September,2022,30,
MENDEZ,October,2022,30,
MENDEZ,November,2022,2,
MENDEZ,December,2022,1,
MENDEZ,January,2023,3,
MENDEZ,February,2023,2,
MENDEZ,March,2023,1,
MENDEZ,April,2023,2,
MENDEZ,May,2023,4,
MENDEZ,June,2023,10,
MENDEZ,July,2023,4,
MENDEZ,August,2023,1,
MENDEZ,September,2023,3,
MENDEZ,October,2023,1,
MENDEZ,November,2023,1,
MENDEZ,December,2023,4,
MENDEZ,January,2024,2,
MENDEZ,February,2024,1,
MENDEZ,March,2024,1,
MENDEZ,April,2024,0,
MENDEZ,May,2024,4,
MENDEZ,June,2024,9,
MENDEZ,July,2024,10,
MENDEZ,August,2024,40,
MENDEZ,September,2024,21,
MENDEZ,October,2024,9,
MENDEZ,November,2024,14,
MENDEZ,December,2024,5,
NAIC,January,2014,1,0
NAIC,February,2014,0,0
NAIC,March,2014,2,0
NAIC,April,2014,4,0
NAIC,May,2014,0,0
NAIC,June,2014,2,0
NAIC,July,2014,1,0
NAIC,August,2014,0,0
NAIC,September,2014,11,0
NAIC,October,2014,12,0
NAIC,November,2014,26,0
NAIC,December,2014,8,0
NAIC,January,2015,21,
NAIC,February,2015,34,
NAIC,March,2015,34,
NAIC,April,2015,34,
NAIC,May,2015,12,1
NAIC,June,2015,3,0
NAIC,July,2015,36,0
NAIC,August,2015,26,0
NAIC,September,2015,48,2
NAIC,October,2015,138,0
NAIC,November,2015,74,0
NAIC,December,2015,13,0
NAIC,January,2016,13,
NAIC,February,2016,12,
NAIC,March,2016,3,
NAIC,April,2016,4,
NAIC,May,2016,0,
NAIC,June,2016,1,0
NAIC,July,2016,6,0
NAIC,August,2016,8,
NAIC,September,2016,6,
NAIC,October,2016,11,
NAIC,November,2016,16,
NAIC,December,2016,14,0
NAIC,January,2017,2,
NAIC,February,2017,2,
NAIC,March,2017,4,
NAIC,April,2017,4,
NAIC,May,2017,1,
NAIC,June,2017,3,
NAIC,July,2017,14,
NAIC,August,2017,27,
NAIC,September,2017,6,
NAIC,October,2017,9,
NAIC,November,2017,5,
NAIC,December,2017,3,
NAIC,January,2018,90,
NAIC,February,2018,73,
NAIC,March,2018,42,
NAIC,April,2018,11,
NAIC,May,2018,5,
NAIC,June,2018,6,
NAIC,July,2018,14,
NAIC,August,2018,12,
NAIC,September,2018,21,
NAIC,October,2018,12,
NAIC,November,2018,36,
NAIC,December,2018,30,
NAIC,January,2019,41,
NAIC,February,2019,32,
NAIC,March,2019,30,
NAIC,April,2019,10,
NAIC,May,2019,15,
NAIC,June,2019,22,
NAIC,July,2019,111,
NAIC,August,2019,163,
NAIC,September,2019,121,1
NAIC,October,2019,71,
NAIC,November,2019,35,
NAIC,December,2019,21,
NAIC,January,2020,68,
NAIC,February,2020,42,
NAIC,March,2020,18,
NAIC,April,2020,4,
NAIC,May,2020,1,
NAIC,June,2020,1,
NAIC,July,2020,2,
NAIC,August,2020,0,
NAIC,September,2020,4,
NAIC,October,2020,13,2
NAIC,November,2020,12,
NAIC,December,2020,9,
NAIC,January,2021,18,
NAIC,February,2021,8,
NAIC,March,2021,6,
NAIC,April,2021,0,
NAIC,May,2021,0,
NAIC,June,2021,0,
NAIC,July,2021,0,
NAIC,August,2021,1,
NAIC,September,2021,2,
NAIC,October,2021,2,
NAIC,November,2021,4,1
NAIC,December,2021,3,
NAIC,January,2022,1,
NAIC,February,2022,2,
NAIC,March,2022,0,
NAIC,April,2022,1,
NAIC,May,2022,8,
NAIC,June,2022,9,
NAIC,July,2022,22,
NAIC,August,2022,22,
NAIC,September,2022,20,
NAIC,October,2022,20,
NAIC,November,2022,9,
NAIC,December,2022,4,
NAIC,January,2023,17,
NAIC,February,2023,9,
NAIC,March,2023,7,
NAIC,April,2023,3,
NAIC,May,2023,2,
NAIC,June,2023,6,
NAIC,July,2023,7,
NAIC,August,2023,8,1
NAIC,September,2023,2,
NAIC,October,2023,18,
NAIC,November,2023,9,
NAIC,December,2023,15,
NAIC,January,2024,19,
NAIC,February,2024,8,
NAIC,March,2024,10,
NAIC,April,2024,3,
NAIC,May,2024,4,
NAIC,June,2024,10,
NAIC,July,2024,32,
NAIC,August,2024,56,
NAIC,September,2024,69,1
NAIC,October,2024,102,
NAIC,November,2024,152,1
NAIC,December,2024,171,1
NOVALETA,January,2014,12,0
NOVALETA,February,2014,1,0
NOVALETA,March,2014,1,0
NOVALETA,April,2014,0,0
NOVALETA,May,2014,0,0
NOVALETA,June,2014,0,0
NOVALETA,July,2014,1,0
NOVALETA,August,2014,0,0
NOVALETA,September,2014,2,0
NOVALETA,October,2014,1,0
NOVALETA,November,2014,4,0
NOVALETA,December,2014,1,0
NOVELETA,January,2015,7,
NOVELETA,February,2015,3,
NOVELETA,March,2015,3,
NOVELETA,April,2015,3,
NOVELETA,May,2015,2,
NOVELETA,June,2015,3,0
NOVELETA,July,2015,4,0
NOVELETA,August,2015,11,0
NOVELETA,September,2015,21,0
NOVELETA,October,2015,63,0
NOVELETA,November,2015,71,0
NOVELETA,December,2015,24,0
NOVELETA,January,2016,29,
NOVELETA,February,2016,19,
NOVELETA,March,2016,13,
NOVELETA,April,2016,3,
NOVELETA,May,2016,6,
NOVELETA,June,2016,4,0
NOVELETA,July,2016,8,0
NOVELETA,August,2016,23,
NOVELETA,September,2016,10,
NOVELETA,October,2016,8,
NOVELETA,November,2016,19,
NOVELETA,December,2016,14,0
NOVELETA,January,2017,19,
NOVELETA,February,2017,12,
NOVELETA,March,2017,5,
NOVELETA,April,2017,4,
NOVELETA,May,2017,3,
NOVELETA,June,2017,3,
NOVELETA,July,2017,7,
NOVELETA,August,2017,7,
NOVELETA,September,2017,13,
NOVELETA,October,2017,13,
NOVELETA,November,2017,28,
NOVELETA,December,2017,40,
NOVELETA,January,2018,39,
NOVELETA,February,2018,23,
NOVELETA,March,2018,20,
NOVELETA,April,2018,12,
NOVELETA,May,2018,8,
NOVELETA,June,2018,5,
NOVELETA,July,2018,15,
NOVELETA,August,2018,11,
NOVELETA,September,2018,16,
NOVELETA,October,2018,14,
NOVELETA,November,2018,22,
NOVELETA,December,2018,29,
NOVELETA,January,2019,14,
NOVELETA,February,2019,16,
NOVELETA,March,2019,13,1
NOVELETA,April,2019,0,
NOVELETA,May,2019,2,
NOVELETA,June,2019,1,
NOVELETA,July,2019,14,
NOVELETA,August,2019,41,
NOVELETA,September,2019,27,
NOVELETA,October,2019,23,
NOVELETA,November,2019,15,
NOVELETA,December,2019,12,
NOVELETA,January,2020,17,
NOVELETA,February,2020,7,
NOVELETA,March,2020,1,
NOVELETA,April,2020,1,
NOVELETA,May,2020,0,
NOVELETA,June,2020,0,
NOVELETA,July,2020,3,
NOVELETA,August,2020,0,
NOVELETA,September,2020,2,
NOVELETA,October,2020,3,
NOVELETA,November,2020,4,
NOVELETA,December,2020,5,
NOVELETA,January,2021,12,
NOVELETA,February,2021,7,
NOVELETA,March,2021,4,
NOVELETA,April,2021,0,
NOVELETA,May,2021,0,
NOVELETA,June,2021,0,
NOVELETA,July,2021,6,
NOVELETA,August,2021,3,
NOVELETA,September,2021,0,
NOVELETA,October,2021,5,
NOVELETA,November,2021,10,
NOVELETA,December,2021,9,
NOVELETA,January,2022,0,
NOVELETA,February,2022,0,
NOVELETA,March,2022,0,
NOVELETA,April,2022,0,
NOVELETA,May,2022,1,
NOVELETA,June,2022,1,
NOVELETA,July,2022,5,
NOVELETA,August,2022,8,
NOVELETA,September,2022,7,
NOVELETA,October,2022,7,
NOVELETA,November,2022,7,
NOVELETA,December,2022,3,
NOVELETA,January,2023,3,
NOVELETA,February,2023,1,
NOVELETA,March,2023,2,
NOVELETA,April,2023,4,0
NOVELETA,May,2023,0,
NOVELETA,June,2023,1,
NOVELETA,July,2023,1,
NOVELETA,August,2023,8,
NOVELETA,September,2023,5,
NOVELETA,October,2023,2,
NOVELETA,November,2023,3,
NOVELETA,December,2023,3,
NOVELETA,January,2024,4,
NOVELETA,February,2024,1,
NOVELETA,March,2024,3,
NOVELETA,April,2024,0,
NOVELETA,May,2024,0,
NOVELETA,June,2024,3,
NOVELETA,July,2024,8,
NOVELETA,August,2024,9,
NOVELETA,September,2024,7,
NOVELETA,October,2024,17,
NOVELETA,November,2024,37,
NOVELETA,December,2024,37,
ROSARIO,January,2014,15,0
ROSARIO,February,2014,3,0
ROSARIO,March,2014,0,0
ROSARIO,April,2014,2,0
ROSARIO,May,2014,0,0
ROSARIO,June,2014,0,0
ROSARIO,July,2014,0,0
ROSARIO,August,2014,1,0
ROSARIO,September,2014,7,0
ROSARIO,October,2014,9,0
ROSARIO,November,2014,16,0
ROSARIO,December,2014,11,0
ROSARIO,January,2015,22,
ROSARIO,February,2015,7,1
ROSARIO,March,2015,7,1
ROSARIO,April,2015,7,1
ROSARIO,May,2015,6,
ROSARIO,June,2015,8,0
ROSARIO,July,2015,10,0
ROSARIO,August,2015,15,0
ROSARIO,September,2015,44,0
ROSARIO,October,2015,131,0
ROSARIO,November,2015,107,0
ROSARIO,December,2015,30,0
ROSARIO,January,2016,26,
ROSARIO,February,2016,23,
ROSARIO,March,2016,24,
ROSARIO,April,2016,12,
ROSARIO,May,2016,7,
ROSARIO,June,2016,2,
ROSARIO,July,2016,9,0
ROSARIO,August,2016,42,
ROSARIO,September,2016,10,
ROSARIO,October,2016,9,
ROSARIO,November,2016,19,
ROSARIO,December,2016,38,0
ROSARIO,January,2017,31,
ROSARIO,February,2017,29,
ROSARIO,March,2017,22,
ROSARIO,April,2017,5,
ROSARIO,May,2017,5,
ROSARIO,June,2017,4,
ROSARIO,July,2017,16,
ROSARIO,August,2017,15,
ROSARIO,September,2017,13,
ROSARIO,October,2017,13,
ROSARIO,November,2017,14,
ROSARIO,December,2017,22,1
ROSARIO,January,2018,64,
ROSARIO,February,2018,24,
ROSARIO,March,2018,24,
ROSARIO,April,2018,14,
ROSARIO,May,2018,10,
ROSARIO,June,2018,4,
ROSARIO,July,2018,13,
ROSARIO,August,2018,15,
ROSARIO,September,2018,36,
ROSARIO,October,2018,34,1
ROSARIO,November,2018,33,1
ROSARIO,December,2018,23,
ROSARIO,January,2019,45,
ROSARIO,February,2019,32,
ROSARIO,March,2019,12,
ROSARIO,April,2019,3,
ROSARIO,May,2019,12,
ROSARIO,June,2019,8,
ROSARIO,July,2019,46,
ROSARIO,August,2019,74,
ROSARIO,September,2019,52,
ROSARIO,October,2019,45,
ROSARIO,November,2019,27,
ROSARIO,December,2019,26,
ROSARIO,January,2020,33,
ROSARIO,February,2020,8,
ROSARIO,March,2020,5,
ROSARIO,April,2020,0,
ROSARIO,May,2020,0,
ROSARIO,June,2020,2,
ROSARIO,July,2020,0,
ROSARIO,August,2020,4,
ROSARIO,September,2020,1,
ROSARIO,October,2020,5,1
ROSARIO,November,2020,7,
ROSARIO,December,2020,14,
ROSARIO,January,2021,18,
ROSARIO,February,2021,18,
ROSARIO,March,2021,7,
ROSARIO,April,2021,1,
ROSARIO,May,2021,14,
ROSARIO,June,2021,6,
ROSARIO,July,2021,5,
ROSARIO,August,2021,4,
ROSARIO,September,2021,2,
ROSARIO,October,2021,4,
ROSARIO,November,2021,13,
ROSARIO,December,2021,5,
ROSARIO,January,2022,2,
ROSARIO,February,2022,1,
ROSARIO,March,2022,0,
ROSARIO,April,2022,0,
ROSARIO,May,2022,2,
ROSARIO,June,2022,3,
ROSARIO,July,2022,8,
ROSARIO,August,2022,19,
ROSARIO,September,2022,20,
ROSARIO,October,2022,20,
ROSARIO,November,2022,4,1
ROSARIO,December,2022,3,
ROSARIO,January,2023,5,
ROSARIO,February,2023,5,
ROSARIO,March,2023,6,
ROSARIO,April,2023,3,
ROSARIO,May,2023,0,
ROSARIO,June,2023,4,
ROSARIO,July,2023,3,
ROSARIO,August,2023,3,
ROSARIO,September,2023,1,
ROSARIO,October,2023,13,
ROSARIO,November,2023,3,
ROSARIO,December,2023,5,
ROSARIO,January,2024,9,
ROSARIO,February,2024,6,
ROSARIO,March,2024,3,
ROSARIO,April,2024,0,1
ROSARIO,May,2024,4,
ROSARIO,June,2024,7,
ROSARIO,July,2024,11,
ROSARIO,August,2024,23,
ROSARIO,September,2024,39,
ROSARIO,October,2024,105,1
ROSARIO,November,2024,139,
ROSARIO,December,2024,122,
SILANG,January,2014,8,0
SILANG,February,2014,4,0
SILANG,March,2014,4,0
SILANG,April,2014,5,0
SILANG,May,2014,1,0
SILANG,June,2014,4,0
SILANG,July,2014,15,0
SILANG,August,2014,11,0
SILANG,September,2014,27,0
SILANG,October,2014,20,0
SILANG,November,2014,25,0
SILANG,December,2014,13,0
SILANG,January,2015,14,1
SILANG,February,2015,25,
SILANG,March,2015,25,
SILANG,April,2015,25,
SILANG,May,2015,11,
SILANG,June,2015,48,0
SILANG,July,2015,75,0
SILANG,August,2015,126,1
SILANG,September,2015,149,0
SILANG,October,2015,178,1
SILANG,November,2015,99,0
SILANG,December,2015,35,0
SILANG,January,2016,40,
SILANG,February,2016,26,
SILANG,March,2016,24,1
SILANG,April,2016,13,2
SILANG,May,2016,18,
SILANG,June,2016,35,0
SILANG,July,2016,80,1
SILANG,August,2016,95,
SILANG,September,2016,78,1
SILANG,October,2016,56,
SILANG,November,2016,38,
SILANG,December,2016,15,
SILANG,January,2017,37,
SILANG,February,2017,20,
SILANG,March,2017,16,
SILANG,April,2017,8,
SILANG,May,2017,10,
SILANG,June,2017,21,1
SILANG,July,2017,57,
SILANG,August,2017,87,1
SILANG,September,2017,94,3
SILANG,October,2017,102,
SILANG,November,2017,88,4
SILANG,December,2017,79,
SILANG,January,2018,47,1
SILANG,February,2018,24,
SILANG,March,2018,22,
SILANG,April,2018,17,
SILANG,May,2018,14,
SILANG,June,2018,26,
SILANG,July,2018,40,
SILANG,August,2018,82,
SILANG,September,2018,62,
SILANG,October,2018,67,
SILANG,November,2018,55,
SILANG,December,2018,38,
SILANG,January,2019,55,
SILANG,February,2019,44,
SILANG,March,2019,23,
SILANG,April,2019,22,
SILANG,May,2019,31,1
SILANG,June,2019,113,
SILANG,July,2019,401,1
SILANG,August,2019,385,1
SILANG,September,2019,311,
SILANG,October,2019,198,
SILANG,November,2019,88,
SILANG,December,2019,45,
SILANG,January,2020,40,
SILANG,February,2020,29,
SILANG,March,2020,3,
SILANG,April,2020,8,
SILANG,May,2020,0,
SILANG,June,2020,3,
SILANG,July,2020,1,
SILANG,August,2020,6,
SILANG,September,2020,4,
SILANG,October,2020,5,
SILANG,November,2020,6,
SILANG,December,2020,12,
SILANG,January,2021,19,
SILANG,February,2021,10,
SILANG,March,2021,10,
SILANG,April,2021,5,
SILANG,May,2021,4,
SILANG,June,2021,7,
SILANG,July,2021,18,
SILANG,August,2021,12,
SILANG,September,2021,10,
SILANG,October,2021,7,
SILANG,November,2021,10,
SILANG,December,2021,4,
SILANG,January,2022,4,
SILANG,February,2022,1,
SILANG,March,2022,4,
SILANG,April,2022,6,
SILANG,May,2022,3,
SILANG,June,2022,11,
SILANG,July,2022,24,
SILANG,August,2022,53,
SILANG,September,2022,29,
SILANG,October,2022,29,
SILANG,November,2022,18,
SILANG,December,2022,4,
SILANG,January,2023,14,
SILANG,February,2023,5,
SILANG,March,2023,10,
SILANG,April,2023,8,
SILANG,May,2023,7,
SILANG,June,2023,17,
SILANG,July,2023,15,
SILANG,August,2023,11,
SILANG,September,2023,13,
SILANG,October,2023,18,
SILANG,November,2023,17,
SILANG,December,2023,22,
SILANG,January,2024,16,1
SILANG,February,2024,16,
SILANG,March,2024,6,
SILANG,April,2024,4,
SILANG,May,2024,8,
SILANG,June,2024,6,
SILANG,July,2024,35,
SILANG,August,2024,52,
SILANG,September,2024,49,
SILANG,October,2024,34,
SILANG,November,2024,51,
SILANG,December,2024,43,
TAGAYTAY CITY,January,2014,5,0
TAGAYTAY CITY,February,2014,3,0
TAGAYTAY CITY,March,2014,3,0
TAGAYTAY CITY,April,2014,0,0
TAGAYTAY CITY,May,2014,1,0
TAGAYTAY CITY,June,2014,1,0
TAGAYTAY CITY,July,2014,7,0
TAGAYTAY CITY,August,2014,7,0
TAGAYTAY CITY,September,2014,19,1
TAGAYTAY CITY,October,2014,6,0
TAGAYTAY CITY,November,2014,17,0
TAGAYTAY CITY,December,2014,11,0
TAGAYTAY CITY,January,2015,10,
TAGAYTAY CITY,February,2015,7,
TAGAYTAY CITY,March,2015,7,
TAGAYTAY CITY,April,2015,7,
TAGAYTAY CITY,May,2015,6,
TAGAYTAY CITY,June,2015,13,0
TAGAYTAY CITY,July,2015,22,0
TAGAYTAY CITY,August,2015,39,0
TAGAYTAY CITY,September,2015,91,0
TAGAYTAY CITY,October,2015,74,0
TAGAYTAY CITY,November,2015,49,0
TAGAYTAY CITY,December,2015,25,0
TAGAYTAY CITY,January,2016,7,1
TAGAYTAY CITY,February,2016,14,
TAGAYTAY CITY,March,2016,27,
TAGAYTAY CITY,April,2016,20,
TAGAYTAY CITY,May,2016,12,
TAGAYTAY CITY,June,2016,15,0
TAGAYTAY CITY,July,2016,44,0
TAGAYTAY CITY,August,2016,68,
TAGAYTAY CITY,September,2016,38,
TAGAYTAY CITY,October,2016,15,
TAGAYTAY CITY,November,2016,12,
TAGAYTAY CITY,December,2016,6,0
TAGAYTAY CITY,January,2017,24,1
TAGAYTAY CITY,February,2017,13,
TAGAYTAY CITY,March,2017,4,
TAGAYTAY CITY,April,2017,5,
TAGAYTAY CITY,May,2017,11,
TAGAYTAY CITY,June,2017,13,
TAGAYTAY CITY,July,2017,62,
TAGAYTAY CITY,August,2017,62,1
TAGAYTAY CITY,September,2017,59,
TAGAYTAY CITY,October,2017,55,
TAGAYTAY CITY,November,2017,46,
TAGAYTAY CITY,December,2017,28,
TAGAYTAY CITY,January,2018,9,
TAGAYTAY CITY,February,2018,4,
TAGAYTAY CITY,March,2018,5,
TAGAYTAY CITY,April,2018,2,
TAGAYTAY CITY,May,2018,6,
TAGAYTAY CITY,June,2018,11,
TAGAYTAY CITY,July,2018,16,
TAGAYTAY CITY,August,2018,32,
TAGAYTAY CITY,September,2018,28,
TAGAYTAY CITY,October,2018,17,
TAGAYTAY CITY,November,2018,31,
TAGAYTAY CITY,December,2018,17,
TAGAYTAY CITY,January,2019,12,
TAGAYTAY CITY,February,2019,17,
TAGAYTAY CITY,March,2019,5,
TAGAYTAY CITY,April,2019,3,
TAGAYTAY CITY,May,2019,6,
TAGAYTAY CITY,June,2019,27,
TAGAYTAY CITY,July,2019,84,
TAGAYTAY CITY,August,2019,86,
TAGAYTAY CITY,September,2019,74,
TAGAYTAY CITY,October,2019,23,
TAGAYTAY CITY,November,2019,16,
TAGAYTAY CITY,December,2019,9,
TAGAYTAY CITY,January,2020,5,
TAGAYTAY CITY,February,2020,2,
TAGAYTAY CITY,March,2020,2,
TAGAYTAY CITY,April,2020,4,
TAGAYTAY CITY,May,2020,1,
TAGAYTAY CITY,June,2020,0,
TAGAYTAY CITY,July,2020,2,
TAGAYTAY CITY,August,2020,3,
TAGAYTAY CITY,September,2020,2,
TAGAYTAY CITY,October,2020,3,
TAGAYTAY CITY,November,2020,1,
TAGAYTAY CITY,December,2020,1,
TAGAYTAY CITY,January,2021,5,
TAGAYTAY CITY,February,2021,6,
TAGAYTAY CITY,March,2021,5,
TAGAYTAY CITY,April,2021,4,
TAGAYTAY CITY,May,2021,3,
TAGAYTAY CITY,June,2021,3,
TAGAYTAY CITY,July,2021,11,
TAGAYTAY CITY,August,2021,4,
TAGAYTAY CITY,September,2021,10,
TAGAYTAY CITY,October,2021,7,
TAGAYTAY CITY,November,2021,11,
TAGAYTAY CITY,December,2021,8,
TAGAYTAY CITY,January,2022,0,
TAGAYTAY CITY,February,2022,1,
TAGAYTAY CITY,March,2022,4,
TAGAYTAY CITY,April,2022,4,
TAGAYTAY CITY,May,2022,5,
TAGAYTAY CITY,June,2022,9,
TAGAYTAY CITY,July,2022,15,
TAGAYTAY CITY,August,2022,23,
TAGAYTAY CITY,September,2022,26,
TAGAYTAY CITY,October,2022,26,
TAGAYTAY CITY,November,2022,14,
TAGAYTAY CITY,December,2022,11,
TAGAYTAY CITY,January,2023,2,
TAGAYTAY CITY,February,2023,1,
TAGAYTAY CITY,March,2023,3,
TAGAYTAY CITY,April,2023,1,
TAGAYTAY CITY,May,2023,2,
TAGAYTAY CITY,June,2023,9,
TAGAYTAY CITY,July,2023,12,
TAGAYTAY CITY,August,2023,4,
TAGAYTAY CITY,September,2023,8,
TAGAYTAY CITY,October,2023,4,
TAGAYTAY CITY,November,2023,5,
TAGAYTAY CITY,December,2023,13,
TAGAYTAY CITY,January,2024,2,
TAGAYTAY CITY,February,2024,2,
TAGAYTAY CITY,March,2024,3,
TAGAYTAY CITY,April,2024,4,
TAGAYTAY CITY,May,2024,7,
TAGAYTAY CITY,June,2024,28,
TAGAYTAY CITY,July,2024,62,
TAGAYTAY CITY,August,2024,82,
TAGAYTAY CITY,September,2024,46,
TAGAYTAY CITY,October,2024,33,
TAGAYTAY CITY,November,2024,30,
TAGAYTAY CITY,December,2024,16,
TANZA,January,2014,25,0
TANZA,February,2014,2,0
TANZA,March,2014,6,0
TANZA,April,2014,0,0
TANZA,May,2014,1,0
TANZA,June,2014,1,0
TANZA,July,2014,2,0
TANZA,August,2014,4,0
TANZA,September,2014,9,0
TANZA,October,2014,26,0
TANZA,November,2014,48,0
TANZA,December,2014,33,0
TANZA,January,2015,37,
TANZA,February,2015,53,
TANZA,March,2015,53,
TANZA,April,2015,53,
TANZA,May,2015,4,
TANZA,June,2015,11,0
TANZA,July,2015,27,0
TANZA,August,2015,49,0
TANZA,September,2015,119,2
TANZA,October,2015,224,0
TANZA,November,2015,185,0
TANZA,December,2015,60,0
TANZA,January,2016,29,
TANZA,February,2016,25,
TANZA,March,2016,14,
TANZA,April,2016,9,
TANZA,May,2016,8,
TANZA,June,2016,4,0
TANZA,July,2016,8,0
TANZA,August,2016,32,
TANZA,September,2016,28,
TANZA,October,2016,34,
TANZA,November,2016,43,2
TANZA,December,2016,31,0
TANZA,January,2017,38,
TANZA,February,2017,21,
TANZA,March,2017,11,
TANZA,April,2017,5,
TANZA,May,2017,4,
TANZA,June,2017,10,
TANZA,July,2017,16,
TANZA,August,2017,11,
TANZA,September,2017,14,
TANZA,October,2017,32,
TANZA,November,2017,51,
TANZA,December,2017,54,
TANZA,January,2018,64,2
TANZA,February,2018,49,2
TANZA,March,2018,31,
TANZA,April,2018,12,3
TANZA,May,2018,11,
TANZA,June,2018,9,
TANZA,July,2018,14,
TANZA,August,2018,26,
TANZA,September,2018,36,
TANZA,October,2018,43,
TANZA,November,2018,56,
TANZA,December,2018,29,
TANZA,January,2019,54,
TANZA,February,2019,25,
TANZA,March,2019,11,1
TANZA,April,2019,14,
TANZA,May,2019,8,
TANZA,June,2019,15,
TANZA,July,2019,80,1
TANZA,August,2019,173,1
TANZA,September,2019,181,1
TANZA,October,2019,177,
TANZA,November,2019,72,
TANZA,December,2019,55,1
TANZA,January,2020,131,
TANZA,February,2020,72,
TANZA,March,2020,23,
TANZA,April,2020,1,
TANZA,May,2020,0,
TANZA,June,2020,4,
TANZA,July,2020,1,
TANZA,August,2020,2,
TANZA,September,2020,5,
TANZA,October,2020,14,1
TANZA,November,2020,15,
TANZA,December,2020,22,
TANZA,January,2021,22,1
TANZA,February,2021,6,
TANZA,March,2021,8,
TANZA,April,2021,1,
TANZA,May,2021,1,
TANZA,June,2021,1,
TANZA,July,2021,1,
TANZA,August,2021,1,
TANZA,September,2021,0,
TANZA,October,2021,5,
TANZA,November,2021,10,
TANZA,December,2021,2,
TANZA,January,2022,4,
TANZA,February,2022,6,
TANZA,March,2022,4,
TANZA,April,2022,6,
TANZA,May,2022,6,
TANZA,June,2022,25,
TANZA,July,2022,60,
TANZA,August,2022,153,
TANZA,September,2022,106,
TANZA,October,2022,106,
TANZA,November,2022,37,
TANZA,December,2022,26,
TANZA,January,2023,37,
TANZA,February,2023,16,
TANZA,March,2023,9,
TANZA,April,2023,16,
TANZA,May,2023,10,
TANZA,June,2023,38,
TANZA,July,2023,23,1
TANZA,August,2023,22,
TANZA,September,2023,37,
TANZA,October,2023,50,
TANZA,November,2023,39,
TANZA,December,2023,30,
TANZA,January,2024,43,
TANZA,February,2024,18,
TANZA,March,2024,20,
TANZA,April,2024,7,1
TANZA,May,2024,12,
TANZA,June,2024,24,1
TANZA,July,2024,53,
TANZA,August,2024,75,
TANZA,September,2024,130,
TANZA,October,2024,282,1
TANZA,November,2024,372,
TANZA,December,2024,287,1
TERNATE,January,2014,0,0
TERNATE,February,2014,0,0
TERNATE,March,2014,0,0
TERNATE,April,2014,0,0
TERNATE,May,2014,0,0
TERNATE,June,2014,0,0
TERNATE,July,2014,0,0
TERNATE,August,2014,1,0
TERNATE,September,2014,1,0
TERNATE,October,2014,2,0
TERNATE,November,2014,3,0
TERNATE,December,2014,6,0
TERNATE,January,2015,4,
TERNATE,February,2015,2,
TERNATE,March,2015,2,
TERNATE,April,2015,2,
TERNATE,May,2015,2,
TERNATE,June,2015,0,0
TERNATE,July,2015,4,0
TERNATE,August,2015,7,0
TERNATE,September,2015,12,0
TERNATE,October,2015,39,0
TERNATE,November,2015,9,0
TERNATE,December,2015,0,0
TERNATE,January,2016,3,
TERNATE,February,2016,4,
TERNATE,March,2016,0,
TERNATE,April,2016,0,
TERNATE,May,2016,0,
TERNATE,June,2016,1,0
TERNATE,July,2016,1,0
TERNATE,August,2016,2,
TERNATE,September,2016,8,
TERNATE,October,2016,5,
TERNATE,November,2016,2,
TERNATE,December,2016,1,0
TERNATE,January,2017,0,
TERNATE,February,2017,0,
TERNATE,March,2017,1,
TERNATE,April,2017,0,
TERNATE,May,2017,1,
TERNATE,June,2017,4,
TERNATE,July,2017,12,
TERNATE,August,2017,9,
TERNATE,September,2017,2,
TERNATE,October,2017,1,
TERNATE,November,2017,0,
TERNATE,December,2017,0,
TERNATE,January,2018,6,
TERNATE,February,2018,2,
TERNATE,March,2018,3,
TERNATE,April,2018,0,
TERNATE,May,2018,2,
TERNATE,June,2018,0,
TERNATE,July,2018,0,
TERNATE,August,2018,7,
TERNATE,September,2018,0,
TERNATE,October,2018,2,
TERNATE,November,2018,4,
TERNATE,December,2018,1,
TERNATE,January,2019,6,
TERNATE,February,2019,0,
TERNATE,March,2019,1,
TERNATE,April,2019,0,
TERNATE,May,2019,1,
TERNATE,June,2019,2,
TERNATE,July,2019,13,
TERNATE,August,2019,30,
TERNATE,September,2019,13,
TERNATE,October,2019,8,
TERNATE,November,2019,10,
TERNATE,December,2019,8,
TERNATE,January,2020,6,
TERNATE,February,2020,4,
TERNATE,March,2020,0,
TERNATE,April,2020,0,
TERNATE,May,2020,0,
TERNATE,June,2020,0,
TERNATE,July,2020,0,
TERNATE,August,2020,1,
TERNATE,September,2020,2,
TERNATE,October,2020,0,
TERNATE,November,2020,3,
TERNATE,December,2020,0,
TERNATE,January,2021,0,
TERNATE,February,2021,0,
TERNATE,March,2021,1,
TERNATE,April,2021,0,
TERNATE,May,2021,0,
TERNATE,June,2021,0,
TERNATE,July,2021,1,
TERNATE,August,2021,0,
TERNATE,September,2021,0,
TERNATE,October,2021,0,
TERNATE,November,2021,1,
TERNATE,December,2021,0,
TERNATE,January,2022,0,
TERNATE,February,2022,0,
TERNATE,March,2022,2,
TERNATE,April,2022,0,
TERNATE,May,2022,2,
TERNATE,June,2022,1,
TERNATE,July,2022,10,
TERNATE,August,2022,16,
TERNATE,September,2022,1,
TERNATE,October,2022,1,
TERNATE,November,2022,0,
TERNATE,December,2022,0,
TERNATE,January,2023,0,
TERNATE,February,2023,0,
TERNATE,March,2023,0,
TERNATE,April,2023,0,
TERNATE,May,2023,1,
TERNATE,June,2023,2,
TERNATE,July,2023,1,
TERNATE,August,2023,1,
TERNATE,September,2023,2,
TERNATE,October,2023,0,
TERNATE,November,2023,1,
TERNATE,December,2023,0,
TERNATE,January,2024,0,1
TERNATE,February,2024,2,
TERNATE,March,2024,0,
TERNATE,April,2024,0,
TERNATE,May,2024,1,
TERNATE,June,2024,2,
TERNATE,July,2024,4,
TERNATE,August,2024,7,
TERNATE,September,2024,4,
TERNATE,October,2024,5,
TERNATE,November,2024,10,
TERNATE,December,2024,12,
TRECE MARITES CITY,January,2014,8,0
TRECE MARITES CITY,February,2014,2,0
TRECE MARITES CITY,March,2014,0,0
TRECE MARITES CITY,April,2014,5,0
TRECE MARITES CITY,May,2014,4,0
TRECE MARITES CITY,June,2014,4,0
TRECE MARITES CITY,July,2014,2,0
TRECE MARITES CITY,August,2014,11,0
TRECE MARITES CITY,September,2014,19,0
TRECE MARITES CITY,October,2014,14,1
TRECE MARITES CITY,November,2014,19,0
TRECE MARITES CITY,December,2014,7,0
TRECE MARTIRES,January,2015,9,
TRECE MARTIRES,February,2015,20,
TRECE MARTIRES,March,2015,20,
TRECE MARTIRES,April,2015,20,
TRECE MARTIRES,May,2015,7,
TRECE MARTIRES,June,2015,19,0
TRECE MARTIRES,July,2015,85,1
TRECE MARTIRES,August,2015,258,0
TRECE MARTIRES,September,2015,318,1
TRECE MARTIRES,October,2015,378,0
TRECE MARTIRES,November,2015,156,1
TRECE MARTIRES,December,2015,48,
TRECE MARTIRES CITY,January,2016,25,
TRECE MARTIRES CITY,February,2016,20,
TRECE MARTIRES CITY,March,2016,11,
TRECE MARTIRES CITY,April,2016,6,1
TRECE MARTIRES CITY,May,2016,7,
TRECE MARTIRES CITY,June,2016,11,0
TRECE MARTIRES CITY,July,2016,27,0
TRECE MARTIRES CITY,August,2016,37,
TRECE MARTIRES CITY,September,2016,29,
TRECE MARTIRES CITY,October,2016,49,
TRECE MARTIRES CITY,November,2016,33,
TRECE MARTIRES CITY,December,2016,31,0
TRECE MARTIRES CITY,January,2017,39,
TRECE MARTIRES CITY,February,2017,22,
TRECE MARTIRES CITY,March,2017,21,
TRECE MARTIRES CITY,April,2017,13,
TRECE MARTIRES CITY,May,2017,10,
TRECE MARTIRES CITY,June,2017,17,1
TRECE MARTIRES CITY,July,2017,43,
TRECE MARTIRES CITY,August,2017,61,2
TRECE MARTIRES CITY,September,2017,45,
TRECE MARTIRES CITY,October,2017,63,
TRECE MARTIRES CITY,November,2017,68,
TRECE MARTIRES CITY,December,2017,58,
TRECE MARTIRES CITY,January,2018,54,
TRECE MARTIRES CITY,February,2018,35,
TRECE MARTIRES CITY,March,2018,23,
TRECE MARTIRES CITY,April,2018,9,
TRECE MARTIRES CITY,May,2018,8,
TRECE MARTIRES CITY,June,2018,10,
TRECE MARTIRES CITY,July,2018,31,1
TRECE MARTIRES CITY,August,2018,50,1
TRECE MARTIRES CITY,September,2018,78,
TRECE MARTIRES CITY,October,2018,73,2
TRECE MARTIRES CITY,November,2018,73,
TRECE MARTIRES CITY,December,2018,48,
TRECE MARTIRES CITY,January,2019,55,
TRECE MARTIRES CITY,February,2019,54,
TRECE MARTIRES CITY,March,2019,18,
TRECE MARTIRES CITY,April,2019,9,
TRECE MARTIRES CITY,May,2019,7,
TRECE MARTIRES CITY,June,2019,25,
TRECE MARTIRES CITY,July,2019,123,
TRECE MARTIRES CITY,August,2019,248,3
TRECE MARTIRES CITY,September,2019,195,
TRECE MARTIRES CITY,October,2019,133,1
TRECE MARTIRES CITY,November,2019,37,
TRECE MARTIRES CITY,December,2019,23,
TRECE MARTIRES CITY,January,2020,39,
TRECE MARTIRES CITY,February,2020,17,
TRECE MARTIRES CITY,March,2020,9,
TRECE MARTIRES CITY,April,2020,2,
TRECE MARTIRES CITY,May,2020,0,
TRECE MARTIRES CITY,June,2020,2,
TRECE MARTIRES CITY,July,2020,5,
TRECE MARTIRES CITY,August,2020,7,
TRECE MARTIRES CITY,September,2020,7,
TRECE MARTIRES CITY,October,2020,3,
TRECE MARTIRES CITY,November,2020,11,
TRECE MARTIRES CITY,December,2020,4,
TRECE MARTIRES CITY,January,2021,9,
TRECE MARTIRES CITY,February,2021,4,1
TRECE MARTIRES CITY,March,2021,8,
TRECE MARTIRES CITY,April,2021,5,
TRECE MARTIRES CITY,May,2021,6,
TRECE MARTIRES CITY,June,2021,6,
TRECE MARTIRES CITY,July,2021,1,
TRECE MARTIRES CITY,August,2021,2,
TRECE MARTIRES CITY,September,2021,1,
TRECE MARTIRES CITY,October,2021,7,
TRECE MARTIRES CITY,November,2021,4,
TRECE MARTIRES CITY,December,2021,4,
TRECE MARTIRES CITY,January,2022,4,
TRECE MARTIRES CITY,February,2022,1,
TRECE MARTIRES CITY,March,2022,3,
TRECE MARTIRES CITY,April,2022,0,
TRECE MARTIRES CITY,May,2022,3,
TRECE MARTIRES CITY,June,2022,3,
TRECE MARTIRES CITY,July,2022,13,
TRECE MARTIRES CITY,August,2022,26,
TRECE MARTIRES CITY,September,2022,12,
TRECE MARTIRES CITY,October,2022,12,
TRECE MARTIRES CITY,November,2022,12,
TRECE MARTIRES CITY,December,2022,2,
TRECE MARTIRES CITY,January,2023,20,
TRECE MARTIRES CITY,February,2023,9,
TRECE MARTIRES CITY,March,2023,13,
TRECE MARTIRES CITY,April,2023,13,
TRECE MARTIRES CITY,May,2023,11,
TRECE MARTIRES CITY,June,2023,16,
TRECE MARTIRES CITY,July,2023,18,
TRECE MARTIRES CITY,August,2023,6,
TRECE MARTIRES CITY,September,2023,10,
TRECE MARTIRES CITY,October,2023,37,
TRECE MARTIRES CITY,November,2023,24,
TRECE MARTIRES CITY,December,2023,19,
TRECE MARTIRES CITY,January,2024,20,
TRECE MARTIRES CITY,February,2024,15,
TRECE MARTIRES CITY,March,2024,5,
TRECE MARTIRES CITY,April,2024,5,
TRECE MARTIRES CITY,May,2024,10,
TRECE MARTIRES CITY,June,2024,14,
TRECE MARTIRES CITY,July,2024,112,1
TRECE MARTIRES CITY,August,2024,204,2
TRECE MARTIRES CITY,September,2024,215,1
TRECE MARTIRES CITY,October,2024,216,1
TRECE MARTIRES CITY,November,2024,142,
TRECE MARTIRES CITY,December,2024,121,